server_name,server.ip,ct.count,
missing,68.65.208.250,130299,
1.fe8d85e3f41d6fe2e1f0da7bc70337416a50995d592d0f83beb6d815382ee161fa8ee50cbedbc8858b66baff41809214199ac38882d9c9f065bec8c62c5b1.6bd3888cdb3a6021b3bc78229d3e3078ff67e4788578a1d42aafb5456e584d1feffb358d09cd63f56a1299e0cd0682e5cb72cd401593275961c75089199cd,192.30.109.110,50606,
1.fe8d85e3f41d6fe2e1f0da7bc70337416a50995d592d0f83beb6d815382ee161fa8ee50cbedbc8858b66baff41809214199ac38882d9c9f065bec8c62c5b1.6bd3888cdb3a6021b3bc78229d3e3078ff67e4788578a1d42aafb5456e584d1feffb358d09cd63f56a1299e0cd0682e5cb72cd401593275961c75089199cd,192.30.109.112,48947,
doh.opendns.com,146.112.41.2,15973,
missing,40.79.70.201,13729,
missing,135.84.163.246,13408,
remload.grayv.com,34.224.157.248,10613,
remload.grayv.com,54.157.222.51,10279,
connectivitycheck.gstatic.com,142.250.65.195,10268,
remload.grayv.com,3.215.201.247,9924,
gs-loc.apple.com,17.36.206.4,8896,
missing,40.79.252.115,8253,
missing,8.8.8.8,7453,
dns.google,8.8.8.8,7370,
dns.google,8.8.4.4,6972,
gs-loc.apple.com,17.57.172.10,6919,
connectivitycheck.gstatic.com,142.251.214.131,6741,
gs-loc.apple.com,17.57.12.243,6092,
missing,1.1.1.1,6055,
aware.avasecurity.com,104.154.74.130,5981,
missing,172.253.115.188,5409,
missing,142.251.163.188,5401,
gs-loc.apple.com,17.57.12.16,5111,
android.clients.google.com,142.250.72.110,4951,
main.smartcarroute.com,68.65.215.114,4590,
gs-loc.apple.com,17.36.206.5,4334,
android.clients.google.com,142.251.35.174,4033,
connectivitycheck.gstatic.com,142.250.80.3,3925,
android.clients.google.com,142.251.41.14,3760,
missing,52.177.20.134,3613,
missing,68.65.214.194,3610,
missing,142.250.65.195,3533,
api002.backblazeb2.com,149.137.142.15,3324,
gs-loc.apple.com,17.242.179.27,3157,
pubsub.pubnub.com,52.9.63.131,2905,
s3-us-west-1.amazonaws.com,52.219.193.112,2681,
s3-us-west-1.amazonaws.com,52.219.112.56,2678,
gs-loc.apple.com,17.57.172.11,2664,
s3-us-west-1.amazonaws.com,52.219.117.120,2662,
s3-us-west-1.amazonaws.com,52.219.116.112,2651,
s3-us-west-1.amazonaws.com,52.219.194.24,2651,
s3-us-west-1.amazonaws.com,52.219.117.96,2650,
s3-us-west-1.amazonaws.com,52.219.120.32,2638,
s3-us-west-1.amazonaws.com,52.219.120.240,2630,
zoom.us,170.114.52.2,2534,
platform.vestaboard.com,34.102.189.123,2526,
configuration.apple.com,23.63.228.93,2114,
missing,205.209.29.46,2021,
pubsub.pubnub.com,52.9.63.130,1844,
registry.quicklert.com,3.135.53.64,1787,
backupmi1.vsystems.com,70.34.182.138,1775,
cs598-2037.meraki.com,158.115.141.181,1743,
motorolasolutions.com,140.101.116.151,1727,
missing,54.157.222.51,1727,
api.dropboxapi.com,162.125.9.19,1725,
missing,34.224.157.248,1644,
motorolasolutions.com,140.101.84.151,1638,
missing,68.65.215.114,1616,
igdevco-my.sharepoint.com,13.107.136.8,1587,
wifi-ng-prod-us.essensys.tech,54.157.54.221,1577,
config.teams.microsoft.com,52.113.194.132,1576,
configuration.apple.com,23.43.252.68,1466,
betacameraprobe.genetecdev.net,52.177.206.73,1457,
rmm01.koshsolutions.com,63.156.183.90,1456,
www.yelp.com,45.154.84.85,1445,
d92a9a1d-5ee1-5f00-a49f-f7a31a16af73.f3730439-5054-40a4-aa87-e236efacea04,89.187.181.221,1425,
wifi-ng-prod-us.essensys.tech,54.210.204.127,1409,
teams.microsoft.com,52.113.194.132,1390,
wifi-ng-prod-us.essensys.tech,44.199.41.185,1386,
operate-api.essensys.tech,99.81.50.202,1346,
missing,142.250.80.3,1345,
missing,172.253.63.188,1344,
missing,52.219.194.24,1335,
missing,52.219.117.120,1328,
missing,52.219.117.96,1325,
missing,52.219.116.112,1315,
missing,52.219.193.112,1314,
missing,52.219.112.56,1312,
missing,52.219.120.32,1309,
missing,52.219.120.240,1300,
eqoffice.com.c2.prod.zpath.net,54.188.244.46,1294,
configuration.apple.com,23.34.164.28,1279,
d92a9a1d-5ee1-5f00-a49f-f7a31a16af73.f3730439-5054-40a4-aa87-e236efacea04,89.187.175.87,1237,
missing,146.112.41.2,1236,
missing,17.57.12.16,1228,
missing,17.57.172.10,1228,
my.workshare.com,138.91.244.56,1219,
missing,89.187.181.221,1194,
android.clients.google.com,142.251.40.142,1177,
missing,74.201.65.161,1170,
edge.microsoft.com,204.79.197.239,1145,
missing,3.215.201.247,1140,
operate-api.essensys.tech,18.200.201.46,1136,
connectivitycheck.gstatic.com,172.217.12.99,1095,
www.motorolasolutions.com,18.155.173.54,1094,
mclb-gcp.nimbus.bitdefender.net,34.149.211.227,1089,
fc.crestron.io,168.62.165.131,1086,
missing,142.251.16.188,1084,
realtime.go1.co,104.22.64.182,1068,
missing,104.238.200.6,1034,
doxxms-prod-remediation-iothub.azure-devices.net,13.73.252.138,1010,
www.google.com,142.251.40.228,1006,
missing,104.238.202.238,988,
gsa.apple.com,17.179.252.2,953,
mail.google.com,142.250.65.229,951,
pubsub.checkvideo.net,52.21.226.175,948,
www.motorolasolutions.com,18.155.173.21,946,
login.microsoftonline.com,20.190.154.17,934,
2.realtime.services.box.net,74.112.186.146,916,
missing,135.84.160.244,906,
missing,135.84.160.243,892,
missing,3.135.53.64,888,
iconnel-my.sharepoint.com,13.107.136.8,884,
iconnel-my.sharepoint.com,13.107.138.8,880,
agent-service-prod.addigy.com,104.18.15.191,871,
missing,34.102.189.123,868,
www3.zoom.us,170.114.52.2,852,
us02web.zoom.us,170.114.52.3,843,
missing,74.201.65.160,842,
rpt.cedexis.com,45.54.49.1,819,
www.motorolasolutions.com,18.155.173.67,819,
gsa.apple.com,17.157.64.66,811,
www.motorolasolutions.com,18.155.173.116,809,
tkacr155.alphonso.tv,94.26.46.124,794,
6ovjqfsoe6.com,34.202.58.73,791,
gs-loc.apple.com,17.242.184.19,787,
dpjq77yaxqvnn.cloudfront.net,13.33.81.199,775,
missing,89.187.175.87,772,
www.bing.com,204.79.197.200,770,
operate-api.essensys.tech,63.35.24.126,765,
missing,72.26.124.44,759,
ecs.office.com,52.113.194.132,754,
login.microsoftonline.com,20.190.151.6,747,
gspe1-ssl.ls.apple.com,23.52.147.15,746,
missing,17.36.206.5,745,
missing,158.115.147.160,732,
agent-service-prod.addigy.com,104.18.14.191,719,
missing,52.177.206.73,717,
missing,65.249.132.23,716,
missing,142.251.111.188,715,
apidata.googleusercontent.com,142.250.81.225,710,
android.clients.google.com,142.250.176.206,709,
dpjq77yaxqvnn.cloudfront.net,13.33.81.51,709,
client.dropbox.com,162.125.4.13,692,
realtime.go1.co,104.22.65.182,678,
n598.network-auth.com,158.115.141.181,676,
c.apple.news,23.193.217.173,664,
missing,65.249.132.26,661,
zdmapi-neat.zoom.us,170.114.11.108,658,
upload.fp.measure.office.com,13.107.6.163,649,
missing,191.237.200.35,648,
02-ap-event-01.armorpoint.com,204.152.253.87,644,
missing,8.8.4.4,637,
rmm.itegria.net,3.137.152.87,634,
bag.itunes.apple.com,23.34.164.28,631,
accounts.google.com,142.250.80.77,626,
noc.deeptechinc.com,72.69.215.165,622,
missing,13.107.136.8,618,
1f0bcb29-223c-7373-5339-31bb148f5198.f3730439-5054-40a4-aa87-e236efacea04,89.187.181.221,615,
res1.dns.webroot.com,34.120.142.74,615,
business.bing.com,13.107.6.158,614,
ballandmorse405.sharepoint.com,13.107.136.8,611,
missing,17.57.172.11,610,
connect.scpmtk.com,3.70.182.155,606,
spclient.wg.spotify.com,35.186.224.25,606,
concord-monitoring.centrastage.net,13.248.181.252,605,
dpjq77yaxqvnn.cloudfront.net,13.33.81.171,599,
concord-monitoring.centrastage.net,99.83.202.36,598,
xp.apple.com,23.201.25.134,596,
phxcloudconnect2.phoenixnap.com,23.235.242.19,589,
api.proxy.com,18.164.124.20,581,
missing,172.253.122.188,578,
dpjq77yaxqvnn.cloudfront.net,13.33.81.95,577,
cc-api-data.adobe.io,3.233.129.217,575,
cloudflare-dns.com,104.16.248.249,575,
init.itunes.apple.com,23.34.164.28,570,
zdmapi-neat.zoom.us,170.114.11.109,559,
missing,17.36.206.4,557,
missing,96.45.45.45,555,
calendar.google.com,142.250.176.206,552,
02-ap-manage-01.armorpoint.com,204.152.253.84,544,
monitor.denovo-us.com,65.115.50.30,540,
bam.nr-data.net,162.247.243.29,538,
missing,3.121.182.204,538,
cc-api-data.adobe.io,34.237.241.83,523,
cc-api-data.adobe.io,50.16.47.176,521,
missing,136.166.4.19,519,
missing,100.20.120.249,516,
licensing.mp.microsoft.com,20.96.63.25,508,
registry-1.docker.io,34.194.164.123,502,
www.gstatic.com,142.251.40.99,502,
missing,17.57.12.243,502,
c013.bridge.eencloud.com,84.16.229.49,494,
missing,52.113.194.132,492,
api.dropboxapi.com,162.125.4.19,488,
missing,192.30.109.110,487,
comserver-hb-us1-iad2.n-able.com,38.91.40.26,486,
imap.gmail.com,142.251.163.109,485,
config.edge.skype.com,13.107.42.16,482,
1.d7da92d689a994d175652649d258d281953a7f3d87200f721568871335914d0bbb0278978f0a9b3b90dec4349e106d07db9f2f19061b16e0a849686940ddb96b,52.86.133.88,481,
ota.density.io,3.234.155.210,480,
metrocsg.hostedrmm.com,204.236.253.200,478,
1.93a5da850d169d0133d899f30d44c426125b21407535525a4313b2d1d9d9efaabcff0fcdec7b40b41e7c2a2606de755bd520729b937b8c88c455e49c73a31.fdb4d3c1c49a81bd8629f42042a3cc0dc55ab3645a739eccffb652e16c3ac8127f7ce7de54ecf57bd6d0cd63ad8b7297b8682df2e9dc39d1462392e881dd7,132.226.156.127,458,
missing,142.250.31.188,458,
ota.density.io,44.205.117.198,457,
update-cloud.2d585.cdn.bitdefender.net,152.199.24.214,457,
missing,96.45.46.46,457,
cc-api-data.adobe.io,18.213.11.84,455,
cc-api-data.adobe.io,54.224.241.105,448,
dpjq77yaxqvnn.cloudfront.net,18.154.214.73,447,
cc-api-data.adobe.io,3.219.243.226,444,
labtech.krantzsecure.com,104.209.198.50,440,
d.docs.live.net,13.107.42.12,439,
phxcloudconnect2.phoenixnap.com,23.235.242.21,439,
cc-api-data.adobe.io,52.22.41.97,436,
wfbs-svc30-p.activeupdate.trendmicro.com,23.48.20.58,434,
evsns6.idrive.com,72.26.124.44,432,
play.google.com,142.251.40.110,429,
imap.gmail.com,142.251.16.108,424,
acfo-acaf.altcloud.ca,51.79.79.64,423,
gitlab.com,172.65.251.78,422,
ccp-lh.googleusercontent.com,142.250.81.225,419,
missing,158.115.141.181,418,
8fd0aa42-4024-4d37-b49e-dc73c0e9bd22.ods.opinsights.azure.com,20.189.172.39,417,
missing,54.210.204.127,417,
bam-cell.nr-data.net,162.247.243.30,413,
elb-iow-gcp.nimbus.bitdefender.net,35.190.56.82,412,
www.motorolasolutions.com,65.8.158.18,412,
go.microsoft.com,23.208.52.210,411,
missing,52.21.226.175,409,
sync.wavevms.com,52.2.94.180,404,
bag.itunes.apple.com,23.63.228.93,403,
api.ezeep.com,52.205.30.95,402,
one.one.one.one,1.1.1.1,401,
mail.google.com,172.217.164.101,395,
www.google.com,142.250.65.196,395,
missing,52.236.28.118,395,
east.exch083.serverdata.net,64.78.49.129,392,
electronicbuildingdirectory.com,209.235.165.198,388,
xp.apple.com,23.39.34.68,387,
missing,104.238.202.54,387,
swallow.apple.com,3.139.17.241,385,
missing,34.202.58.73,385,
cc-api-data.adobe.io,52.6.155.20,382,
missing,17.242.179.27,382,
device.dattobackup.com,8.34.176.9,379,
p17solutionsllc-my.sharepoint.com,13.107.136.8,379,
s3.us-east-1.amazonaws.com,54.231.236.24,377,
gsa.apple.com,17.32.194.2,375,
missing,54.157.54.221,375,
edge-035.uslax2.icloud-content.com,17.248.188.166,374,
monitoring.lvssic.ca,66.51.22.136,370,
mtalk.google.com,142.251.163.188,370,
edge-chat.instagram.com,31.13.71.52,369,
elb-ore-gcp.nimbus.bitdefender.net,34.120.85.253,369,
www.motorolasolutions.com,65.8.158.29,369,
c.go-mpulse.net,23.63.229.80,368,
s3.us-east-1.amazonaws.com,52.216.211.0,368,
s3.us-east-1.amazonaws.com,3.5.19.150,364,
s3.us-east-1.amazonaws.com,52.216.222.128,364,
qcloud.quicklert.com,174.128.62.74,363,
s3.us-east-1.amazonaws.com,52.216.212.208,363,
winatp-gw-eus.microsoft.com,20.72.96.146,362,
s3.us-east-1.amazonaws.com,52.217.42.254,361,
missing,192.40.5.26,361,
api.proxy.com,18.164.124.129,359,
s3.us-east-1.amazonaws.com,52.217.229.96,359,
client.wns.windows.com,52.159.127.243,358,
one.one.one.one,1.0.0.1,358,
registry-1.docker.io,52.1.184.176,358,
s3.us-east-1.amazonaws.com,52.217.81.22,358,
s3.us-east-1.amazonaws.com,54.231.192.72,357,
ota.density.io,44.198.129.42,356,
s3.us-east-1.amazonaws.com,3.5.1.143,356,
s3.us-east-1.amazonaws.com,52.216.41.152,356,
dns.umbrella.com,208.67.220.220,355,
s3.us-east-1.amazonaws.com,52.216.139.69,354,
s3.us-east-1.amazonaws.com,52.216.58.184,352,
us06web.zoom.us,170.114.52.6,352,
dns.umbrella.com,208.67.222.222,351,
api.sigateway.com,52.176.51.53,349,
sync.wavevms.com,52.73.28.97,349,
disthost.umbrella.com,146.112.255.101,348,
missing,192.30.109.112,348,
missing,3.137.152.87,345,
array513.prod.do.dsp.mp.microsoft.com,52.184.214.53,343,
missing,44.199.41.185,343,
ota.neat.no,34.107.186.64,341,
missing,208.67.220.220,338,
api.proxy.com,18.164.124.85,335,
www.google.com,142.251.214.132,335,
www.linkedin.com,13.107.42.14,335,
sync.wavevms.com,3.217.10.164,331,
missing,40.114.66.119,330,
clientservices.googleapis.com,142.250.81.227,327,
dns.opendns.com,208.67.222.222,327,
sync.wavevms.com,3.222.149.195,326,
bolt.dropbox.com,162.125.20.1,325,
dns.opendns.com,208.67.220.220,325,
missing,170.114.52.2,324,
aidoc-proxy.prod.rpxai.com,34.134.194.189,322,
textmessageapp.service.signalr.net,20.40.229.24,322,
missing,13.33.81.199,322,
client.wns.windows.com,52.159.126.152,321,
missing,72.69.215.165,321,
bolt.dropbox.com,162.125.21.3,320,
dpjq77yaxqvnn.cloudfront.net,18.154.214.75,319,
update.googleapis.com,142.250.80.35,319,
nexus-websocket-a.intercom.io,34.237.73.95,318,
configuration.ls.apple.com,23.34.165.115,317,
otd.plcm.vc,13.93.158.16,317,
missing,13.33.81.51,317,
api.proxy.com,18.164.124.6,316,
us02www3.zoom.us,170.114.52.3,316,
tetra-defs.eu.amp.cisco.com,192.111.5.101,315,
pod-020-3002-17.backblaze.com,206.190.212.70,314,
pod-020-3003-00.backblaze.com,206.190.213.5,312,
gspe1-ssl.ls.apple.com,104.127.181.106,311,
guzzoni.apple.com,3.139.17.241,310,
missing,69.25.43.162,310,
missing,135.84.163.86,310,
production.kabutoservices.com,52.40.78.72,309,
apps.mzstatic.com,23.63.228.93,308,
safebrowsing.googleapis.com,142.250.80.74,308,
unitedstates.smartscreen.microsoft.com,20.81.51.95,306,
apidata.googleusercontent.com,142.250.188.1,305,
pod-020-3003-13.backblaze.com,149.137.142.12,303,
us4-wms1.zoho.com,136.143.191.197,302,
www.motorolasolutions.com,65.8.158.42,301,
www.motorolasolutions.com,65.8.158.46,301,
missing,44.239.161.114,301,
officeclient.microsoft.com,52.109.2.151,300,
usc-excel.officeapps.live.com,13.107.6.171,300,
sync.wavevms.com,54.197.122.158,299,
outlook.office365.com,52.96.69.2,298,
sync.wavevms.com,18.207.170.156,298,
api.control.verkada.com,35.155.73.204,297,
login.microsoftonline.com,20.190.154.138,297,
api.dell.com,143.166.199.30,296,
api.itspservice.net,54.191.139.65,296,
dpjq77yaxqvnn.cloudfront.net,18.154.214.221,295,
api.dell.com,143.166.28.30,294,
array501.prod.do.dsp.mp.microsoft.com,40.70.229.150,292,
init.itunes.apple.com,23.63.228.93,292,
missing,204.52.177.245,291,
6bea692d-8e2a-4a2f-8968-27e365889325.ods.opinsights.azure.com,20.44.12.208,289,
mesu.apple.com,131.106.218.16,289,
itunes.apple.com,23.34.164.28,288,
apple.imap.mail.yahoo.com,67.195.176.151,283,
d.dropbox.com,162.125.7.20,283,
bag.itunes.apple.com,23.43.252.68,281,
bam.nr-data.net,162.247.241.14,280,
zabbix.parkingforge.com,34.76.137.116,280,
manage.beinetworks.com,20.88.121.2,279,
api.vizio.com,52.25.172.140,278,
winatp-gw-neu.microsoft.com,20.234.76.14,278,
configuration.ls.apple.com,23.44.216.240,277,
d.dropbox.com,162.125.6.20,274,
d.dropbox.com,162.125.8.20,273,
us8-excel-collab.officeapps.live.com,52.108.0.37,273,
missing,13.33.81.95,272,
bidder.criteo.com,74.119.119.129,271,
nexus-websocket-a.intercom.io,35.174.127.31,270,
imap.gmail.com,142.250.115.108,269,
gs-loc.apple.com,17.242.214.7,268,
assets.msn.com,23.39.229.42,267,
dns.nextdns.io,45.90.28.144,266,
accounts.google.com,142.250.189.173,264,
client.wns.windows.com,20.25.241.18,264,
officeclient.microsoft.com,52.109.20.82,261,
contile.services.mozilla.com,34.117.237.239,260,
outlook.office365.com,52.96.33.82,260,
imap.gmail.com,142.251.16.109,259,
api.opendns.com,146.112.255.155,258,
t8.dropbox.com,162.125.20.2,257,
missing,65.249.132.24,257,
missing,69.25.43.163,256,
wfbss660-en.fbs25.trendmicro.com,44.233.111.149,254,
wfbs-svc670-en-census.trendmicro.com,23.193.216.178,250,
api.my.crestron.com,40.71.27.23,249,
arc.msn.com,52.184.215.140,249,
init.itunes.apple.com,23.43.252.68,249,
login.microsoftonline.com,20.190.154.19,249,
sadownload.mcafee.com,23.219.200.239,249,
missing,208.22.57.217,249,
tech.iconicit.com,199.21.244.50,248,
xmpcws.services.xerox.com,104.215.79.85,248,
atera-agent-heartbeat.servicebus.windows.net,13.69.106.3,246,
tpsc-ue1.doubleverify.com,34.117.228.201,246,
configuration.apple.com,23.221.210.106,241,
vtxhq.sharepoint.com,13.107.136.8,241,
missing,18.200.201.46,241,
us-central1-run.googleapis.com,142.251.32.106,240,
missing,99.81.50.202,239,
bigquant.com,39.104.143.66,238,
tpsc-video-ue.doubleverify.com,34.117.228.201,238,
vpnus.myhines.com,192.30.109.3,238,
wfbssvc65.icrc.trendmicro.com,23.208.33.100,238,
ccp-lh.googleusercontent.com,142.250.188.1,237,
t8.dropbox.com,162.125.21.2,237,
realtime.www.linkedin.com,13.107.42.14,236,
missing,13.33.81.171,236,
api.itspservice.net,52.42.4.204,235,
meraki-grpc.talos.cisco.com,146.112.255.69,235,
www.google.com,45.41.162.118,235,
labtech.decyphertech.com,209.209.99.220,234,
mtalk.google.com,142.250.141.188,234,
svcs.vc.logitech.com,108.139.47.9,234,
c014.bridge.eencloud.com,192.40.5.61,232,
missing,94.26.46.124,232,
officeclient.microsoft.com,52.109.4.32,231,
www.msn.com,204.79.197.203,231,
dpjq77yaxqvnn.cloudfront.net,18.154.214.69,230,
nimbus.bitdefender.net,34.120.67.236,230,
scs.samsungqbe.com,3.223.15.108,229,
tetra-defs.apjc.amp.cisco.com,192.111.6.102,229,
104.238.200.6,104.238.200.6,228,
redirect.juniper.net,35.161.50.198,228,
wfbss660-en.fbs25.trendmicro.com,44.233.140.104,228,
www.google.com,186.179.29.56,228,
missing,142.251.40.228,228,
www.google.com,157.52.233.57,225,
missing,52.2.94.180,225,
tetra-defs.eu.amp.cisco.com,192.111.5.102,222,
www.googleapis.com,142.250.72.106,222,
idbroker-b-us.webex.com,150.253.144.78,221,
settings-win.data.microsoft.com,52.191.219.104,221,
www.google.com,154.92.114.59,221,
missing,13.91.204.128,221,
missing,104.209.198.50,221,
outlook.office365.com,52.96.109.194,220,
www.google.com,198.46.202.237,220,
www.google.com,198.105.111.55,220,
scribe.logs.roku.com,135.84.160.244,219,
www.google.com,45.154.228.179,219,
www.googleapis.com,142.251.40.106,219,
login.microsoftonline.com,20.190.154.136,218,
www.google.com,113.30.152.231,218,
www.google.com,193.8.94.138,218,
c020.bridge.eencloud.com,216.245.89.5,216,
edge.microsoft.com,13.107.21.239,216,
www.google.com,23.94.138.185,216,
zinfandel-monitoring.centrastage.net,35.71.170.255,216,
index.control.verkada.com,35.155.73.204,215,
sonos.pandora.com,199.116.164.226,215,
www.google.com,113.30.154.193,215,
api.msn.com,204.79.197.203,214,
imap.gmail.com,142.251.2.109,214,
outlook.office365.com,40.97.190.18,214,
www.google.com,138.128.153.34,214,
api.box.com,74.112.186.144,213,
apidata.googleusercontent.com,142.250.72.193,213,
outlook.office365.com,52.96.19.82,213,
settings-win.data.microsoft.com,40.74.108.123,213,
www.google.com,45.127.250.226,213,
n598-spare.network-auth.com,158.115.133.217,212,
pp.ringcentral.com,66.81.242.17,212,
winatp-gw-eus3.microsoft.com,20.88.109.28,212,
www.google.com,181.177.91.212,212,
missing,142.250.81.225,212,
missing,204.79.197.200,212,
cs598-spare-2037.meraki.com,158.115.133.217,211,
www.google.com,186.179.17.198,211,
ads.efax.com,204.11.168.24,210,
c018.bridge.eencloud.com,208.81.99.133,210,
missing,72.26.124.42,210,
clients4.google.com,172.217.165.142,209,
www.google.com,194.33.29.21,209,
auth.docker.io,52.1.184.176,208,
www.google.com,45.72.55.120,208,
www.google.com,154.30.241.100,208,
missing,173.243.141.16,208,
api.vizio.com,44.227.97.66,207,
backend-gcp-us.activtrak.net,216.239.32.21,207,
imap.gmail.com,142.251.2.108,207,
www.google.com,45.192.138.99,207,
graph.facebook.com,157.240.241.17,206,
graph.microsoft.com,20.190.135.46,206,
redirect.juniper.net,44.239.123.144,206,
unitedstates.smartscreen.microsoft.com,20.98.16.82,206,
www.google.com,45.154.228.21,206,
app.rippling.com,104.18.8.70,205,
www.google.com,107.173.137.172,205,
www.google.com,138.128.148.0,205,
www.google.com,184.174.30.48,205,
amg00346-vizioservicesll-oando2-vizious-ztssf.amagi.tv,54.230.21.95,204,
evsns8.idrive.com,72.26.124.51,204,
atera-agent-heartbeat-cus.servicebus.windows.net,104.208.16.1,203,
evsns5.idrive.com,72.26.124.42,203,
www.google.com,161.123.65.155,203,
www.google.com,161.123.215.66,203,
www.google.com,172.102.218.145,203,
www.google.com,194.31.162.13,203,
gs-loc.apple.com,17.242.214.5,202,
outlook.office365.com,52.96.58.98,202,
outlook.office365.com,52.96.88.34,202,
www.google.com,45.43.64.130,202,
www.google.com,45.128.77.201,202,
www.google.com,192.166.153.156,202,
f3730439-5054-40a4-aa87-e236efacea04,89.187.175.87,201,
telemetry.density.io,44.198.129.42,201,
www.google.com,64.43.91.233,201,
www.google.com,104.239.41.66,201,
missing,142.250.65.196,201,
index.control.verkada.com,35.166.49.153,200,
www.google.com,186.179.23.28,200,
missing,23.63.228.93,200,
missing,52.1.184.176,200,
login.microsoftonline.com,20.190.154.18,199,
outlook.office365.com,52.96.40.242,199,
ssl.gstatic.com,142.250.176.195,199,
www.google.com,154.85.125.175,199,
mail.google.com,142.250.68.133,197,
outlook.office365.com,52.96.111.66,197,
winatp-gw-eus.microsoft.com,20.10.241.70,197,
www.google.com,216.173.111.1,197,
missing,20.253.17.146,197,
missing,34.194.164.123,197,
missing,52.216.41.152,197,
atera-agent-heartbeat.servicebus.windows.net,52.236.186.4,196,
evoke-windowsservices-tas.msedge.net,13.107.5.88,196,
unitedstates.smartscreen.microsoft.com,13.66.94.55,196,
www.google.com,45.41.160.252,196,
www.google.com,45.61.116.57,196,
www.google.com,161.123.65.124,196,
missing,54.231.192.72,196,
www.google.com,45.61.124.161,195,
www.google.com,107.172.163.66,195,
www.google.com,161.123.208.148,195,
www.google.com,193.8.94.197,195,
array805.prod.do.dsp.mp.microsoft.com,52.143.80.209,194,
www.google.com,104.238.20.21,194,
zinfandel-monitoring.centrastage.net,52.223.44.223,194,
identity.oxefit.com,20.94.23.3,193,
itunes.apple.com,23.63.228.93,193,
registry-1.docker.io,18.215.138.58,193,
stats.loopteam.co,44.236.48.31,193,
telemetry.density.io,3.234.155.210,193,
www.google.com,45.8.134.205,193,
www.google.com,107.181.152.242,193,
www.google.com,170.244.92.91,193,
missing,52.216.139.69,193,
missing,54.231.236.24,193,
download.bitdefender.com,192.229.210.142,192,
mtu5-ohsim.oracleindustry.com,130.35.203.250,192,
services.oscautomation.com,209.182.170.102,192,
www.google.com,45.154.84.85,192,
www.google.com,161.123.33.75,192,
www.google.com,192.153.171.36,192,
www.google.com,193.27.10.97,192,
assets.msn.com,23.39.229.40,191,
labtech.bdnetcorp.com,97.64.99.3,191,
www.google.com,45.114.12.12,191,
www.google.com,45.127.248.46,191,
www.google.com,104.238.14.247,191,
www.google.com,134.73.18.95,191,
www.google.com,193.8.231.184,191,
www.google.com,216.173.75.16,191,
alpha.bucketzero.cloud,45.33.87.81,190,
outlook.office365.com,52.96.87.210,190,
www.google.com,2.56.174.254,190,
www.google.com,23.250.41.32,190,
www.google.com,154.85.125.50,190,
www.google.com,161.123.65.169,190,
www.google.com,198.105.108.112,190,
www.google.com,216.173.72.172,190,
www.google.com,216.173.111.232,190,
array502.prod.do.dsp.mp.microsoft.com,52.179.216.235,189,
www.google.com,103.75.228.166,189,
www.google.com,104.238.20.87,189,
www.google.com,104.249.55.115,189,
www.google.com,192.166.153.53,189,
www.google.com,45.72.55.229,188,
www.google.com,45.170.13.250,188,
www.google.com,45.192.136.56,188,
www.google.com,103.75.228.72,188,
www.google.com,104.249.29.67,188,
www.google.com,161.123.65.40,188,
www.google.com,173.211.30.181,188,
missing,52.216.58.184,188,
missing,174.128.62.74,188,
www.google.com,45.61.118.0,187,
www.google.com,45.86.72.223,187,
www.google.com,45.114.12.21,187,
www.google.com,45.128.77.95,187,
www.google.com,45.158.185.71,187,
atera-agent-heartbeat-cus.servicebus.windows.net,52.182.138.128,186,
www.google.com,45.72.53.171,186,
missing,3.222.149.195,186,
missing,52.217.81.22,186,
mtalk.google.com,142.251.2.188,185,
www.google.com,45.8.134.77,185,
www.google.com,45.61.118.26,185,
www.google.com,45.154.228.152,185,
www.google.com,45.192.138.31,185,
www.google.com,113.30.154.117,185,
www.google.com,154.30.250.55,185,
www.google.com,161.123.214.173,185,
missing,20.189.172.39,185,
atera-agent-heartbeat.servicebus.windows.net,13.69.64.4,184,
google.com,142.250.80.46,184,
gsp-ssl.ls.apple.com,17.253.97.208,184,
www.google.com,45.8.203.37,184,
www.google.com,45.72.55.117,184,
www.google.com,104.238.14.98,184,
www.google.com,161.0.24.148,184,
www.google.com,161.123.151.87,184,
www.google.com,182.54.239.74,184,
backend-gcp-us.activtrak.net,216.239.36.21,183,
officecdn-microsoft-com.akamaized.net,23.38.168.41,183,
svcs.vc.logitech.com,108.139.47.22,183,
winatp-gw-eus3.microsoft.com,20.10.245.129,183,
www.google.com,45.8.134.213,183,
www.google.com,45.61.124.254,183,
www.google.com,45.72.55.22,183,
www.google.com,45.87.243.126,183,
www.google.com,193.8.94.70,183,
xp.apple.com,23.221.56.83,183,
missing,66.51.22.136,183,
missing,160.43.250.55,183,
array601.prod.do.dsp.mp.microsoft.com,20.191.46.109,182,
cloudflare-dns.com,104.16.249.249,182,
outlook.office365.com,52.96.88.18,182,
www.google.com,45.86.244.88,182,
www.google.com,45.192.136.37,182,
www.google.com,103.75.229.34,182,
www.google.com,104.148.0.124,182,
www.google.com,141.98.163.156,182,
www.google.com,198.46.161.230,182,
www.googleapis.com,142.251.41.10,182,
api.control.verkada.com,35.166.49.153,181,
www.google.com,45.8.134.6,181,
www.google.com,45.43.65.3,181,
www.google.com,103.53.219.88,181,
www.google.com,138.128.153.236,181,
www.google.com,161.123.65.51,181,
www.google.com,181.177.91.15,181,
missing,52.216.211.0,181,
missing,204.79.197.203,181,
apple.imap.mail.yahoo.com,76.13.33.33,180,
www.google.com,23.250.41.67,180,
www.google.com,161.123.151.75,180,
www.google.com,185.242.92.251,180,
fc.crestron.io,40.118.202.13,179,
fpc.msedge.net,13.107.6.163,179,
settings-win.data.microsoft.com,13.71.55.58,179,
www.google.com,45.56.173.27,179,
www.google.com,157.52.252.196,179,
y.fuze.com,170.76.189.235,179,
zs1.myhines.com,192.30.109.110,179,
andiumplatform-my.sharepoint.com,13.107.136.8,178,
o21767.ingest.sentry.io,34.120.195.249,178,
www.google.com,45.8.134.149,178,
www.google.com,45.43.65.158,178,
www.google.com,45.154.228.72,178,
www.google.com,104.239.97.238,178,
www.google.com,104.249.29.145,178,
www.google.com,154.30.241.111,178,
www.google.com,164.163.127.246,178,
www.google.com,38.153.130.86,177,
www.google.com,103.53.219.86,177,
www.google.com,104.238.20.165,177,
www.google.com,107.181.152.48,177,
www.google.com,161.0.70.145,177,
www.google.com,185.245.27.1,177,
www.google.com,216.10.27.118,177,
index.control.verkada.com,54.186.237.126,176,
play.google.com,142.250.189.174,176,
telemetry.density.io,44.205.117.198,176,
www.google.com,45.8.134.197,176,
www.google.com,104.148.5.135,176,
www.google.com,198.23.128.184,176,
www.googleapis.com,172.217.169.10,176,
missing,52.216.222.128,176,
apps.mzstatic.com,23.34.164.28,175,
apps.mzstatic.com,23.43.252.68,175,
log.zoom.us,170.114.52.2,175,
ris.api.iris.microsoft.com,20.230.26.130,175,
securepubads.g.doubleclick.net,142.251.40.98,175,
usc-word-edit.officeapps.live.com,13.107.6.171,175,
www.google.com,45.41.160.60,175,
www.google.com,107.152.230.237,175,
www.google.com,161.123.151.202,175,
settings-win.data.microsoft.com,52.137.106.217,174,
www.google.com,45.12.146.40,174,
www.google.com,45.72.55.103,174,
www.google.com,45.154.84.5,174,
www.google.com,104.238.20.168,174,
www.google.com,104.239.97.198,174,
www.google.com,185.242.95.59,174,
missing,3.5.1.143,174,
outlook.office365.com,52.96.242.18,173,
www.google.com,45.72.55.80,173,
www.google.com,45.72.55.249,173,
www.google.com,45.170.13.249,173,
www.google.com,64.137.48.140,173,
www.google.com,64.137.92.184,173,
www.google.com,66.78.32.135,173,
www.google.com,67.227.119.21,173,
missing,3.5.19.150,173,
missing,142.251.40.99,173,
th.bing.com,204.79.197.200,172,
unitedstates.smartscreen.microsoft.com,13.87.188.105,172,
www.google.com,45.154.244.11,172,
www.google.com,104.238.20.125,172,
www.google.com,104.238.38.130,172,
www.google.com,161.123.151.144,172,
www.google.com,172.245.7.76,172,
missing,34.149.211.227,172,
cyberbullet-my.sharepoint.com,13.107.136.8,171,
imap.gmail.com,74.125.137.109,171,
outlook.office365.com,52.96.181.34,171,
settings-win.data.microsoft.com,52.183.220.149,171,
www.google.com,45.8.134.113,171,
www.google.com,103.53.216.64,171,
www.google.com,138.122.194.13,171,
www.google.com,173.211.30.20,171,
www.google.com,181.177.91.68,171,
array510.prod.do.dsp.mp.microsoft.com,52.184.212.181,170,
device-gateway.int.api.egym.com,35.189.221.132,170,
www.google.com,45.154.228.150,170,
www.google.com,45.170.13.197,170,
www.google.com,45.192.138.190,170,
www.google.com,104.224.90.234,170,
www.google.com,185.242.92.132,170,
courier.push.apple.com,17.57.147.6,169,
graph.microsoft.com,20.190.135.42,169,
graph.microsoft.com,20.190.135.43,169,
nyc.zimperium.com,129.153.9.197,169,
outlook.office365.com,52.96.109.146,169,
outlook.office365.com,52.96.111.18,169,
settings-win.data.microsoft.com,51.11.168.232,169,
www.google.com,45.72.55.181,169,
www.google.com,64.43.89.107,169,
www.google.com,103.75.228.0,169,
www.google.com,104.233.16.251,168,
www.google.com,192.166.153.190,168,
missing,122.224.45.50,168,
1a2d3737-2ea1-e0c3-3abc-9fcc85fea84e.f3730439-5054-40a4-aa87-e236efacea04,89.187.181.221,167,
manageit.align.com,199.16.60.114,167,
outlook.office365.com,40.97.188.226,167,
settings-win.data.microsoft.com,20.44.239.154,167,
us.api.endpoint.ingress.rapid7.com,54.144.111.231,167,
www.google.com,45.8.134.151,167,
www.google.com,103.53.219.96,167,
www.google.com,103.75.228.198,167,
www.google.com,104.239.97.54,167,
www.google.com,182.54.239.81,167,
www.google.com,192.241.125.18,167,
missing,52.217.42.254,167,
client.dropbox.com,162.125.7.13,166,
downloaddispatch.itunes.apple.com,104.126.118.218,166,
lh3.googleusercontent.com,142.251.211.225,166,
outlook.office365.com,52.96.88.82,166,
www.google.com,64.137.60.206,166,
www.google.com,103.75.229.105,166,
www.google.com,161.123.33.107,166,
missing,52.217.229.96,166,
mail-ads.google.com,142.250.80.101,165,
outlook.office365.com,52.96.88.2,165,
settings-win.data.microsoft.com,52.185.211.133,165,
svcs.vc.logitech.com,108.139.47.26,165,
www.google.com,45.87.243.82,165,
www.google.com,45.154.84.238,165,
missing,3.217.10.164,165,
ccp-lh.googleusercontent.com,142.250.189.193,164,
licensing.inviewlabs.com,52.32.45.219,164,
outlook.office365.com,52.96.88.66,164,
www.google.com,45.72.55.37,164,
www.google.com,45.83.130.230,164,
www.google.com,64.137.93.214,164,
www.google.com,104.168.25.42,164,
api.control.verkada.com,54.186.237.126,163,
backend-gcp-us.activtrak.net,216.239.34.21,163,
clients2.google.com,172.217.165.142,163,
pod-020-3000-19.backblaze.com,206.190.212.32,163,
redirect.juniper.net,35.82.44.243,163,
www.google.com,45.82.244.135,163,
www.google.com,45.89.196.168,163,
www.google.com,45.114.12.7,163,
www.google.com,104.238.50.2,163,
officecdn-microsoft-com.akamaized.net,23.38.168.74,162,
settings-win.data.microsoft.com,20.106.86.13,162,
www.google.com,45.8.134.58,162,
www.google.com,45.72.55.91,162,
www.google.com,132.255.132.178,162,
fe3cr.delivery.mp.microsoft.com,40.125.122.151,161,
labtech.edgetg.com,108.179.58.176,161,
www.google.com,104.238.49.38,161,
bam-cell.nr-data.net,162.247.241.2,160,
outlook.office365.com,40.97.4.1,160,
settings-win.data.microsoft.com,52.167.249.196,160,
www.google.com,45.72.55.112,160,
www.google.com,103.75.228.195,160,
www.google.com,193.27.10.56,160,
missing,161.123.151.180,160,
missing,162.125.4.19,160,
missing,192.30.109.245,160,
graph.microsoft.com,20.190.135.45,159,
login.microsoftonline.com,20.190.151.70,159,
www.google.com,45.72.55.118,159,
missing,13.248.181.252,159,
missing,173.166.144.180,159,
auth.docker.io,18.215.138.58,158,
symu.co,45.8.134.149,158,
www.google.com,192.198.126.172,158,
missing,52.216.212.208,158,
missing,162.125.4.13,158,
r5---sn-q4fl6nsl.c.2mdn.net,172.217.131.138,157,
stats.loopteam.co,44.236.72.93,157,
missing,52.73.28.97,157,
settings-win.data.microsoft.com,40.119.249.228,156,
settings-win.data.microsoft.com,52.167.17.97,156,
www.google.com,45.8.134.60,156,
www.google.com,107.152.223.210,156,
www.google.com,138.128.59.219,156,
api.amazonalexa.com,65.8.168.112,155,
graph.oculus.com,157.240.241.55,155,
pluspoller.site24x7.com,136.143.191.62,155,
www.google.com,161.123.151.180,155,
missing,18.207.170.156,155,
d27xxe7juh1us6.cloudfront.net,108.138.113.17,154,
outlook.office365.com,52.96.87.242,154,
svcs.vc.logitech.com,108.139.47.5,154,
tpc.googlesyndication.com,142.251.40.225,154,
www.google.com,154.92.125.125,154,
c022.bridge.eencloud.com,216.245.92.10,153,
outlook.office365.com,52.96.62.226,153,
outlook.office365.com,52.96.87.194,153,
settings-win.data.microsoft.com,20.49.150.241,153,
windows.msn.com,204.79.197.203,153,
www.google.com,45.72.55.41,153,
www.google.com,45.72.108.48,153,
www.google.com,104.227.76.133,153,
www.google.com,185.242.92.229,153,
client.wns.windows.com,13.64.180.106,152,
login.cmegroup.com,205.209.196.82,152,
outlook.office365.com,52.96.111.98,152,
outlook.office365.com,52.96.230.162,152,
phxcloudconnect2.phoenixnap.com,23.235.242.18,152,
pod-020-3003-01.backblaze.com,206.190.213.6,152,
proxy-safebrowsing.googleapis.com,17.253.97.208,152,
specialtybusiness.fmwebaudit.com,216.33.90.186,152,
www.google.com,103.75.229.121,152,
www.google.com,161.123.33.12,152,
www.google.com,172.102.218.224,152,
outlook.office365.com,40.97.190.2,151,
us-lurker-input.gravityzone.bitdefender.com,35.212.22.229,151,
www.google.com,138.128.59.209,151,
www.google.com,192.198.126.143,151,
atlanticpc.hostedrmm.com,3.135.201.237,150,
ch3-wxt-us.bcld.webex.com,135.84.172.154,150,
courier.push.apple.com,17.57.144.12,150,
d27xxe7juh1us6.cloudfront.net,108.138.113.51,150,
outlook.office365.com,52.96.35.178,150,
outlook.office365.com,52.96.109.242,150,
unitedstates.smartscreen.microsoft.com,65.52.5.117,150,
us-central1-run.googleapis.com,142.251.40.202,150,
www.google.com,104.239.84.206,150,
www.themediatrust.com,4.16.246.133,150,
missing,54.197.122.158,150,
missing,160.43.250.10,150,
1.088e4fe6f6a2a3756b56daeeffd733e2f69bcb521501c31296b683cdafb593eeb8bb0ed64744a6b3b5d5293ed6a243a80479b47e2f6a1545c45431660cab2.6be3b9fb774ddd9c3a56718a6554d8175ca62409b0704433be8030723feb40cd47fc76cc702ef2c0f097b48a5e272d0f5a02df6fdacbd329b23a7d3e6cd8d,132.226.122.177,149,
device.ruckus.cloud,34.66.194.67,149,
login.microsoftonline.com,20.190.151.131,149,
mtalk.google.com,172.253.115.188,149,
tools.google.com,142.250.80.110,149,
vpn.ocadogroup.com,91.206.1.251,149,
www.google.com,138.128.59.176,149,
east.exch030.serverdata.net,64.78.48.49,148,
edgeapi.slack.com,18.213.112.208,148,
us-v20.events.data.microsoft.com,20.189.173.3,148,
www.google.com,104.227.172.248,148,
auth.docker.io,34.194.164.123,147,
d27xxe7juh1us6.cloudfront.net,108.138.113.185,147,
gsp-ssl.ls.apple.com,17.253.97.207,147,
outlook.office365.com,52.96.64.130,147,
remote.willistowerswatson.com,158.82.158.21,147,
sn.webrootcloudav.com,35.81.61.30,147,
teams.live.com,52.113.194.132,147,
www.google.com,45.72.54.204,147,
missing,99.83.202.36,147,
acs.voice.google.com,142.250.80.78,146,
fonts.gstatic.com,142.251.41.3,146,
vpn.allstate.com,167.127.248.53,146,
www.google.com,23.236.168.108,146,
www.google.com,192.198.126.227,146,
missing,72.26.124.31,146,
missing,172.217.165.142,146,
1.d0affa148e0371325bfb35a2e7afc0fc2c79e33180af933c3f68f4731d28638606f37769962df1604269932770a1b14c29cc2897404b2c1cae3667dc8af40.88328155bf996d2dd89f153ffcd5cf04faf778611bbf707772310baf98ec049568e1707759445c99cf05d6454287b6deebe33a15fb1426e72808da811cc78,129.146.237.133,145,
api.density.io,3.234.155.210,145,
array503.prod.do.dsp.mp.microsoft.com,52.179.219.14,145,
licensing.inviewlabs.com,35.82.2.69,145,
outlook.office365.com,52.96.111.114,145,
www.google.com,69.58.9.8,145,
www.google.com,138.128.59.205,145,
outlook.office365.com,52.96.181.98,144,
realtime.go1.co,172.67.11.245,144,
us-central1-run.googleapis.com,142.251.40.138,144,
www.google.com,107.152.223.1,144,
www.google.com,138.128.59.136,144,
api.coralogix.us,3.140.173.20,143,
array505.prod.do.dsp.mp.microsoft.com,52.184.216.226,143,
courier.push.apple.com,17.57.147.4,143,
courier.push.apple.com,17.57.147.5,143,
dl.acronis.com,23.55.235.250,143,
self.events.data.microsoft.com,20.189.173.15,143,
www.bing.com,13.107.21.200,143,
missing,173.255.7.230,143,
api.coralogix.us,18.189.166.99,142,
courier.push.apple.com,17.57.147.7,142,
dealer.spotify.com,35.186.224.47,142,
gum.criteo.com,74.119.119.139,142,
login.microsoftonline.com,40.126.26.134,142,
proxy-safebrowsing.googleapis.com,17.253.97.207,142,
time.samsungcloudsolution.com,135.84.160.244,142,
unitedstates.smartscreen.microsoft.com,52.153.255.201,142,
us-central1-run.googleapis.com,142.251.40.170,142,
usc-word-view.officeapps.live.com,13.107.6.171,142,
videocentral.mykastle.com,184.73.209.190,142,
www.google-analytics.com,142.250.64.110,142,
missing,52.25.172.140,142,
agent.sega.production.snap.bpcyber.com,3.212.37.42,141,
array806.prod.do.dsp.mp.microsoft.com,52.143.81.222,141,
firefox.settings.services.mozilla.com,35.241.9.150,141,
array512.prod.do.dsp.mp.microsoft.com,52.184.213.187,140,
dc.sentientscience.com,34.199.51.129,140,
locus-am.credit-suisse.com,199.53.17.124,140,
outlook.office365.com,52.96.88.50,140,
prod-44-201-221-3.wostreaming.net,44.201.221.3,140,
us-central1-run.googleapis.com,142.251.35.170,140,
www.google.com,107.152.192.150,140,
www.google.com,192.198.126.72,140,
www.google.com,192.198.126.87,140,
y.fuze.com,170.76.189.60,140,
missing,132.226.122.177,140,
accounts.google.com,142.251.45.237,139,
b-54c7cb80.kinesisvideo.us-east-2.amazonaws.com,3.15.36.173,139,
enterprise.activity.windows.com,40.83.151.200,139,
outlook.office365.com,52.96.70.242,139,
updates.threatlocker.com,148.51.137.167,139,
www.google.com,107.152.170.101,139,
www.google.com,138.128.59.211,139,
missing,72.26.124.51,139,
missing,173.255.7.244,139,
1.cbc11b56fcb8c14f2909aeb9c61326e95fa05dc99a4d6741ff97ced42a718e08ce96c0053d1b22bbe8f9ad8c947b6bde722e70b28b5dc4d8413909ba6f495.9b1708a6f9676520b465ac4387064106a26bc279b3562f82f7a995b6d3feff83fc6b3c5ca1a93d7d9e89ba0c8eff6c218f1fe9f5d689ede5dceb51d2345c3,199.134.135.251,138,
eastus2-gas.guestconfiguration.azure.com,20.44.19.7,138,
wfbs-svc-nabu-aal.trendmicro.com,52.10.69.164,138,
admin.andium.net,34.199.198.214,137,
agent.sega.production.snap.bpcyber.com,54.90.10.59,137,
array808.prod.do.dsp.mp.microsoft.com,52.143.86.214,137,
b-54c7cb80.kinesisvideo.us-east-2.amazonaws.com,3.15.36.174,137,
login.microsoftonline.com,20.190.151.9,137,
ngep.blackspider.com,208.87.234.169,137,
otd.plcm.vc,104.40.11.192,137,
missing,18.215.138.58,137,
app.envoy.com,104.16.41.73,136,
mtalk.google.com,142.251.16.188,136,
outlook.office365.com,52.96.15.2,136,
outlook.office365.com,52.96.183.34,136,
prg.smartadserver.com,23.105.12.161,136,
stats-collector.cxense.com,86.109.7.56,136,
www.google.com,192.198.126.126,136,
outlook.office365.com,52.96.109.162,135,
wfbs-svc-nabu-aal.trendmicro.com,44.238.191.227,135,
missing,52.202.255.110,135,
missing,173.243.140.16,135,
api.spotify.com,35.186.224.25,134,
graph.facebook.com,157.240.22.19,134,
nimbus.bitdefender.net,34.117.254.173,134,
www.google.com,192.198.126.80,134,
www.google.com,198.20.185.25,134,
www.googleapis.com,142.250.65.202,134,
api.density.io,44.198.129.42,133,
bdfed.stitch.mlbinfra.com,172.64.144.56,133,
clients2.googleusercontent.com,142.250.81.225,133,
exo.nel.measure.office.net,104.126.119.88,133,
login.microsoftonline.com,20.190.151.8,133,
outlook.office365.com,52.96.182.114,133,
self.events.data.microsoft.com,20.189.173.4,133,
wfbs-svc-nabu-aal.trendmicro.com,35.164.5.139,133,
www.google.com,161.123.65.224,133,
www.google.com,192.198.126.9,133,
missing,13.107.6.163,133,
02-ap-logstash-01.armorpoint.com,204.152.253.85,132,
clients6.google.com,172.217.165.142,132,
cloud-ecs.gravityzone.bitdefender.com,35.212.7.177,132,
outlook.office365.com,52.96.15.178,132,
outlook.office365.com,52.96.109.178,132,
unitedstates.smartscreen-prod.microsoft.com,52.153.255.201,132,
us4-wms2.zoho.com,136.143.191.197,132,
www.google.com,138.128.78.212,132,
www.googleapis.com,142.251.32.106,132,
www.googletagmanager.com,142.250.176.200,132,
missing,23.193.217.173,132,
missing,160.43.250.67,132,
default.exp-tas.com,13.107.5.93,131,
dl.acronis.com,23.54.161.98,131,
outlook.office365.com,52.96.111.50,131,
updates.threatlocker.com,148.51.137.168,131,
missing,13.107.42.12,131,
missing,170.114.11.108,131,
api.rockbot.com,35.193.199.73,130,
atera-agent-heartbeat-cus.servicebus.windows.net,13.89.170.129,130,
backend-gcp-us.activtrak.net,216.239.38.21,130,
comserver-hb-us2-lax.n-able.com,38.64.89.22,130,
mtalk.google.com,142.250.138.188,130,
outlook.office365.com,52.96.35.2,130,
www.google.com,23.250.101.47,130,
www.google.com,69.58.12.122,130,
missing,72.26.124.40,130,
api.coralogix.us,3.132.4.30,129,
array804.prod.do.dsp.mp.microsoft.com,52.137.103.130,129,
connectivitycheck.gstatic.com,142.250.115.94,129,
graph.facebook.com,31.13.71.1,129,
www.google.com,104.227.76.213,129,
www.googleapis.com,142.250.65.234,129,
missing,63.158.104.18,129,
missing,142.251.167.109,129,
download.lenovo.com,23.193.218.201,128,
k2device.kolide.com,52.202.168.65,128,
zs2.myhines.com,192.30.109.112,128,
1.a8fbd890a00f3c57580c144daeaf8c92c96f2e351329d47611ed354a41415797e703a973b440a2e9a81d4a67b400313b4e912a874c24177fdfece56d1756f.00253e046f9ad18c457b2abe8fa71ac3b0ff16530fc78251b947e861bc50c37cb8df00e9458581f8e07477e009e0070337571226718a0e47ac2dae1592d7c,152.70.133.161,127,
c.go-mpulse.net,23.39.32.164,127,
edge-chat.facebook.com,157.240.241.17,127,
www.google.com,192.186.176.32,127,
missing,52.202.255.111,127,
admin.andium.net,52.200.150.164,126,
k2device.kolide.com,54.161.241.46,126,
outlook.office365.com,52.96.109.210,126,
outlook.office365.com,52.96.111.34,126,
time.samsungcloudsolution.net,135.84.160.244,126,
www.google.com,138.128.78.128,126,
coalesce.egnyte.com,35.190.66.71,125,
match.adsrvr.org,52.223.40.198,125,
outlook.office365.com,52.96.9.2,125,
www.google-analytics.com,142.250.114.101,125,
www.google.com,138.128.59.198,125,
www.google.com,192.198.126.165,125,
configuration.ls.apple.com,23.43.254.90,124,
docs.google.com,142.250.65.174,124,
evsns2.idrive.com,72.26.124.40,124,
georgiasports.blogspot.com,107.152.223.1,124,
gspe35-ssl.ls.apple.com,23.34.164.240,124,
play.google.com,142.250.189.238,124,
www.google.com,104.227.76.109,124,
www.google.com,154.92.124.190,124,
x.bidswitch.net,35.211.178.172,124,
app.rippling.com,104.18.9.70,123,
array609.prod.do.dsp.mp.microsoft.com,51.104.167.255,123,
cdn.jsdelivr.net,151.101.1.229,123,
edge-078.usuyk1.icloud-content.com,17.248.175.245,123,
exo.nel.measure.office.net,104.126.119.82,123,
gspe1-ssl.ls.apple.com,184.29.190.22,123,
outlook.office365.com,52.96.88.98,123,
api.insight.synology.com,159.100.4.210,122,
outlook.office365.com,52.96.44.162,122,
outlook.office365.com,52.96.69.50,122,
outlook.office365.com,52.96.109.130,122,
ssp-sync.criteo.com,74.119.119.73,122,
www.google.com,107.152.146.249,122,
www.googleapis.com,142.250.200.42,122,
beacons.gcp.gvt2.com,142.250.81.227,121,
self.events.data.microsoft.com,20.42.73.25,121,
ssum-sec.casalemedia.com,192.40.39.223,121,
c.amazon-adsystem.com,108.138.115.22,120,
ds927.awmdm.com,44.194.73.80,120,
eus.rubiconproject.com,184.87.73.80,120,
hasura-prod.saile-graph-api.net,44.241.166.86,120,
settings-win.data.microsoft.com,20.72.205.209,120,
skyoverride.webrootcloudav.com,52.19.15.141,120,
tipengine.zoho.com,136.143.191.162,120,
us-central1-run.googleapis.com,142.250.72.106,120,
www.googleapis.com,172.217.16.234,120,
agent-api.atera.com,20.37.139.187,119,
array506.prod.do.dsp.mp.microsoft.com,52.184.216.246,119,
config.fp.measure.office.com,13.107.6.163,119,
dpjq77yaxqvnn.cloudfront.net,18.160.64.12,119,
evsns3.idrive.com,72.26.124.31,119,
qagpublic.qg3.apps.qualys.com,64.39.104.113,119,
us-central1-run.googleapis.com,142.250.80.106,119,
wfbs-svc-nabu-aal.trendmicro.com,54.187.32.229,119,
missing,34.120.85.253,119,
bigideatech.hostedrmm.com,54.174.119.97,118,
enterprise.activity.windows.com,40.76.170.235,118,
hb-api.omnitagjs.com,185.255.84.150,118,
outlook.office365.com,40.97.188.2,118,
outlook.office365.com,52.96.179.114,118,
skyoverride.webrootcloudav.com,52.212.171.75,118,
www.googleapis.com,142.250.65.170,118,
missing,142.251.40.237,118,
missing,204.79.197.239,118,
clienttoken.spotify.com,35.186.224.25,117,
edgeapi.slack.com,44.235.54.54,117,
imap.gmail.com,142.250.141.109,117,
labtech.sysarc.com,208.54.251.74,117,
missing,1.0.0.1,117,
missing,34.117.228.201,117,
missing,52.154.43.127,117,
configdl.teamviewer.com,13.81.102.100,116,
content-signature-2.cdn.mozilla.net,34.160.144.191,116,
go.microsoft.com,104.69.94.56,116,
k2device.kolide.com,18.205.222.128,116,
outlook.calendly.com,172.66.43.26,116,
wfbs-svc-nabu-aal.trendmicro.com,52.32.69.140,116,
www.google.com,23.236.183.141,116,
www.google.com,192.198.126.156,116,
missing,35.190.66.71,116,
1.7ddd0a0898b4dffca1dba18568a660fa5f987be5a169fdb5edb9a2837ecfe8e126fd8d72b2609b13c45ba5cadde8d32df91bb4a2cc904d48bdc0036c32faf.0b64694eaa840f534d63c2a3177a65805ed4f29687e4f70f945701684c3edf28d0385b6f3bebf82ee36065758be478c6f877820f70a26f6f68cc90c3bec1f,158.101.34.194,115,
array504.prod.do.dsp.mp.microsoft.com,52.184.216.174,115,
array802.prod.do.dsp.mp.microsoft.com,52.137.102.105,115,
clientstream.launchdarkly.com,76.223.31.44,115,
d27xxe7juh1us6.cloudfront.net,108.138.113.169,115,
mail.google.com,142.250.65.165,115,
outlook.office365.com,52.96.9.178,115,
outlook.office365.com,52.96.87.226,115,
play.itunes.apple.com,23.219.92.131,115,
wfbs-svc-nabu-aal.trendmicro.com,44.232.164.246,115,
wss-primary.slack.com,34.224.147.117,115,
www.google.com,192.198.126.115,115,
array511.prod.do.dsp.mp.microsoft.com,52.184.213.21,114,
edgeapi.slack.com,34.239.39.161,114,
gateway.icloud.com,17.248.188.100,114,
sdk.split.io,151.101.3.9,114,
self.events.data.microsoft.com,20.189.173.6,114,
self.events.data.microsoft.com,20.189.173.7,114,
services.yesenergy.com,129.153.162.161,114,
skyoverride.webrootcloudav.com,54.76.87.16,114,
us.api.endpoint.ingress.rapid7.com,34.226.68.35,114,
well.bevi.co,161.35.248.79,114,
api.amazonalexa.com,13.35.101.93,113,
huntress.io,3.208.238.10,113,
www.motorolasolutions.com,54.230.163.29,113,
missing,104.215.79.85,113,
missing,160.43.250.64,113,
array613.prod.do.dsp.mp.microsoft.com,20.54.24.169,112,
disc501.prod.do.dsp.mp.microsoft.com,23.208.46.45,112,
fonts.gstatic.com,172.253.122.94,112,
mail.bankoforrick.com,208.95.202.243,112,
netorgft6605992.sharepoint.com,13.107.136.8,112,
outlook.calendly.com,172.66.40.230,112,
self.events.data.microsoft.com,20.189.173.3,112,
wfbs-svc-nabu-aal.trendmicro.com,52.26.24.26,112,
www.googleapis.com,142.250.189.170,112,
missing,3.234.155.210,112,
missing,23.43.252.68,112,
apex.go.sonobi.com,69.166.1.8,111,
carrworkplaces.sharepoint.com,13.107.136.8,111,
dl-debug.dropbox.com,162.125.4.17,111,
elb-nvi-gcp.nimbus.bitdefender.net,34.117.254.173,111,
fe3cr.delivery.mp.microsoft.com,52.242.97.97,111,
gspe1-ssl.ls.apple.com,23.192.6.249,111,
parse-corp.s3.us-east-2.amazonaws.com,52.219.111.26,111,
settings-win.data.microsoft.com,52.140.118.28,111,
us4-wms6.zoho.com,136.143.191.197,111,
v10.events.data.microsoft.com,104.46.162.226,111,
www.google.com,209.127.127.195,111,
api.amazonalexa.com,108.139.33.188,110,
unitedstates.smartscreen-prod.microsoft.com,40.78.63.86,110,
missing,23.52.147.15,110,
missing,69.191.244.43,110,
api.amazonalexa.com,18.238.167.233,109,
api.amazonalexa.com,108.139.49.188,109,
edge-mqtt.facebook.com,157.240.241.20,109,
fd.api.iris.microsoft.com,52.184.215.140,109,
graph.oculus.com,157.240.22.49,109,
mail.superhuman.com,35.201.98.237,109,
self.events.data.microsoft.com,52.182.141.63,109,
sockjs-mt1.pusher.com,3.213.48.50,109,
sockjs-mt1.pusher.com,44.198.237.117,109,
sonos.pandora.com,208.85.41.56,109,
us.api.endpoint.ingress.rapid7.com,52.203.25.223,109,
missing,44.198.129.42,109,
missing,69.191.192.43,109,
missing,69.191.192.162,109,
missing,160.43.250.22,109,
array507.prod.do.dsp.mp.microsoft.com,52.184.217.20,108,
array807.prod.do.dsp.mp.microsoft.com,52.143.84.45,108,
fe3cr.delivery.mp.microsoft.com,20.166.126.56,108,
gsp64-ssl.ls.apple.com,17.57.172.5,108,
login.microsoftonline.com,40.126.62.129,108,
us4-wms8.zoho.com,136.143.191.197,108,
www.figma.com,13.225.214.61,108,
missing,69.191.192.106,108,
missing,69.191.244.226,108,
missing,74.119.119.129,108,
missing,142.250.81.227,108,
missing,150.253.144.78,108,
missing,208.22.56.107,108,
carrworkplaces-my.sharepoint.com,13.107.136.8,107,
dpjq77yaxqvnn.cloudfront.net,18.160.64.121,107,
login.microsoftonline.com,20.190.154.137,107,
suttonfundingny.com,34.102.136.180,107,
unitedstates.smartscreen.microsoft.com,40.78.63.86,107,
www.googleapis.com,216.58.213.10,107,
missing,72.26.124.46,107,
1.15224235a947b5e8f80271339625ea40d62babc6a9fa7aedb8392d3a7653aad393c8640700176c8cb10da890da1efcfca986bb4418608c7d205d4b71789d8.aa461ce6c428f8bc012e4c16f7902e4f280a265dc30b3d2a68dfc923fb214b67ce2bbcf665172aff5e77b105dc6df410a8d518957cea19aa7d665ce897279,129.146.215.229,106,
outlook.office365.com,52.96.32.178,106,
revantage.com.c2.prod.zpath.net,18.191.9.159,106,
missing,23.210.12.106,106,
missing,69.191.244.100,106,
missing,205.209.28.18,106,
api.density.io,44.205.117.198,105,
flep.int.egym.de,35.189.221.132,105,
outlook.office365.com,52.96.111.82,105,
pinotage-monitoring.centrastage.net,75.2.101.69,105,
reachrg.egnyte.com,35.190.66.71,105,
self.events.data.microsoft.com,20.44.10.122,105,
stats.loopteam.co,44.235.246.155,105,
ws.activtrak.net,34.117.168.235,105,
missing,69.191.192.111,105,
array803.prod.do.dsp.mp.microsoft.com,52.137.103.96,104,
bolt.dropbox.com,162.125.35.134,104,
c021.bridge.eencloud.com,216.245.89.136,104,
comserver-hb-eu1-fra.n-able.com,149.13.75.131,104,
courier.push.apple.com,17.57.144.11,104,
solveltd.hostedrmm.com,44.201.218.137,104,
v10.events.data.microsoft.com,20.44.10.123,104,
automate.tsiva.com,185.116.97.27,103,
avery-us-west-2-svc.logicnow.us,52.89.235.70,103,
clients4.google.com,142.251.214.142,103,
graph.oculus.com,157.240.221.54,103,
mcr.microsoft.com,204.79.197.219,103,
slack.com,34.225.62.185,103,
sse.reachcm.com,23.102.180.164,103,
us4-wms5.zoho.com,136.143.191.197,103,
wfbs-svc30-p.activeupdate.trendmicro.com,23.221.210.141,103,
missing,142.250.65.229,103,
missing,162.125.20.1,103,
missing,162.125.21.3,103,
app.taleamusic.com,34.199.207.78,102,
b-graph.facebook.com,157.240.241.35,102,
beacons4.gvt2.com,216.239.32.116,102,
c001.bridge.eencloud.com,192.40.4.7,102,
ceutechnologies.hostedrmm.com,54.165.170.207,102,
d3000deviceapi.azurewebsites.net,40.123.47.58,102,
edgeapi.slack.com,52.13.138.150,102,
fastlane.rubiconproject.com,69.173.151.97,102,
login.microsoftonline.com,20.190.151.134,102,
skyoverride.webrootcloudav.com,34.248.18.135,102,
unitedstates.smartscreen.microsoft.com,20.81.52.156,102,
missing,206.156.53.191,102,
checks-api.us.system-monitor.com,44.209.215.253,101,
mtalk.google.com,172.253.62.188,101,
netmanage.cpisolutions.com,66.59.43.192,101,
parse-corp.s3.us-east-2.amazonaws.com,3.5.132.117,101,
updates.threatlocker.com,148.51.137.164,101,
wfbs-svc-nabu-aal.trendmicro.com,52.11.68.243,101,
www.google.com,172.217.1.228,101,
www.rottentomatoes.com,103.75.229.105,101,
missing,44.205.117.198,101,
devicecapabilities.jabra.com,13.107.253.40,100,
gateway.facebook.com,157.240.241.11,100,
imap.gmail.com,142.251.163.108,100,
login.microsoftonline.com,20.190.154.139,100,
metrics-a.wbx2.com,170.72.231.10,100,
nexusrules.officeapps.live.com,52.109.8.45,100,
trouter2-azsc-usce-2-a.trouter.teams.microsoft.com,52.114.128.205,100,
tsfe.trafficshaping.dsp.mp.microsoft.com,40.119.46.46,100,
v10.events.data.microsoft.com,20.189.173.5,100,
www.googleapis.com,142.251.40.138,100,
missing,13.107.42.14,100,
clients4.google.com,142.251.46.142,99,
courier.push.apple.com,17.57.144.10,99,
gulfstormsupply.com,161.0.70.145,99,
missing,44.227.97.66,99,
missing,97.64.99.3,99,
1.d72732313c4e5bbb387553862ac1afa57e95447a88fa822e0.8bea2e399bc80606289207f9d95459076a3c3e572939a4de2.5f8a3b30a51e03d64da64281bb17b6a2af1cd3fb97901938f.bf08a153249874f5b0b78eeafd44262bfef506ab3950cc676.ea17a9fd9dee9f6f0b7b53ddf6cb364cc6cab6fede2419398,170.128.108.74,98,
ecn.dev.virtualearth.net,23.208.47.20,98,
edge-113.usuyk1.icloud-content.com,17.250.102.68,98,
getpocket.cdn.mozilla.net,34.120.5.221,98,
login.microsoftonline.com,20.190.157.11,98,
otd.plcm.vc,40.78.48.219,98,
play.itunes.apple.com,23.219.92.161,98,
sirius.mwbsys.com,3.227.148.26,98,
skyoverride.webrootcloudav.com,34.254.4.109,98,
unitedstates.smartscreen-prod.microsoft.com,65.52.5.117,98,
v10.events.data.microsoft.com,104.208.16.88,98,
www.google-analytics.com,142.250.114.113,98,
www.googleapis.com,142.251.35.170,98,
missing,20.72.96.146,98,
missing,173.243.138.210,98,
missing,208.22.57.240,98,
collector.cylance.com,52.72.53.60,97,
eu.api.endpoint.ingress.rapid7.com,3.120.196.152,97,
fastlane.rubiconproject.com,8.43.72.52,97,
gateway.facebook.com,31.13.71.8,97,
liveproduseast.akamaized.net,23.197.193.137,97,
login.microsoftonline.com,40.126.28.14,97,
netorg581679-my.sharepoint.com,13.107.136.8,97,
outlook.office365.com,52.96.179.226,97,
sockjs-mt1.pusher.com,52.73.39.204,97,
us-v20.events.data.microsoft.com,52.168.117.169,97,
web.whatsapp.com,157.240.241.60,97,
missing,208.22.57.220,97,
accounts.google.com,142.250.189.205,96,
amg00346-vizioservicesll-oando2-vizious-ztssf.amagi.tv,54.230.21.100,96,
dsum-sec.casalemedia.com,192.40.39.223,96,
gateway.icloud.com,17.248.175.243,96,
global.handler.control.monitor.azure.com,40.119.11.162,96,
hylandlaw.egnyte.com,35.190.66.71,96,
login.microsoftonline.com,40.126.7.35,96,
login.microsoftonline.com,40.126.26.133,96,
mixkit.co,67.227.119.21,96,
outlook.office365.com,52.96.88.114,96,
r5---sn-q4flrnl7.c.2mdn.net,172.217.131.74,96,
scus.his.arc.azure.com,40.119.9.232,96,
skyoverride.webrootcloudav.com,52.209.135.163,96,
missing,208.22.57.219,96,
array605.prod.do.dsp.mp.microsoft.com,51.104.164.114,95,
assets.adobedtm.com,23.219.200.225,95,
chat.google.com,142.250.176.206,95,
gateway.icloud.com,17.248.188.179,95,
outlook.office365.com,52.96.90.34,95,
rtbc-ue1.doubleverify.com,34.117.228.201,95,
self.events.data.microsoft.com,13.89.179.8,95,
self.events.data.microsoft.com,20.189.173.11,95,
skyoverride.webrootcloudav.com,54.246.191.46,95,
spo-ring.msedge.net,13.107.136.254,95,
www.24hourlocksmithqueens.com,107.173.137.172,95,
missing,35.186.224.25,95,
missing,192.34.105.169,95,
array615.prod.do.dsp.mp.microsoft.com,20.54.24.246,94,
cdn.optimizely.com,23.39.32.184,94,
europe.smartscreen-prod.microsoft.com,20.67.219.150,94,
self.events.data.microsoft.com,20.189.173.13,94,
statsapi.mlb.com,172.64.151.251,94,
missing,15.73.182.57,94,
avery-us-west-2-svc.logicnow.us,52.10.13.191,93,
imap.dreamhost.com,64.90.62.162,93,
na.preva.com,54.87.249.67,93,
seojuicer.com,154.92.114.59,93,
signaler-pa.clients6.google.com,142.250.189.202,93,
waconafd.officeapps.live.com,13.107.9.171,93,
wss-primary.slack.com,3.213.4.111,93,
missing,23.34.164.28,93,
missing,52.159.127.243,93,
1.15224235a947b5e8f80271339625ea40d62babc6a9fa7aedb8392d3a7653aad393c8640700176c8cb10da890da1efcfca986bb4418608c7d205d4b71789d8.aa461ce6c428f8bc012e4c16f7902e4f280a265dc30b3d2a68dfc923fb214b67ce2bbcf665172aff5e77b105dc6df410a8d518957cea19aa7d665ce897279,144.24.60.81,92,
agent.sega.production.snap.bpcyber.com,3.220.84.239,92,
client.dropbox.com,162.125.8.13,92,
otd.plcm.vc,138.91.240.81,92,
outlook.office365.com,52.96.38.82,92,
platinumadvs-my.sharepoint.com,13.107.136.8,92,
self.events.data.microsoft.com,52.168.112.66,92,
v10.events.data.microsoft.com,20.189.173.11,92,
zero-trust-client.cloudflareclient.com,162.159.137.105,92,
missing,172.217.169.10,92,
missing,208.22.57.218,92,
array508.prod.do.dsp.mp.microsoft.com,52.184.217.37,91,
clients3.google.com,142.251.46.142,91,
fonts.googleapis.com,142.250.80.106,91,
fuzzybot.twingate.com,34.111.220.252,91,
intexcalc.intex.com,192.40.60.140,91,
licensing.inviewlabs.com,54.213.15.50,91,
pixel.rubiconproject.com,69.173.151.100,91,
rmm3.magna5.com,209.212.70.13,91,
self.events.data.microsoft.com,13.89.178.26,91,
v10.events.data.microsoft.com,20.42.73.25,91,
www.motorolasolutions.com,54.230.163.109,91,
missing,172.16.64.21,91,
apidata.googleusercontent.com,142.251.211.225,90,
huntress.io,35.174.235.226,90,
img-getpocket.cdn.mozilla.net,34.120.237.76,90,
sync-diperna.egnyte.com,34.102.226.252,90,
v10.events.data.microsoft.com,104.208.16.89,90,
v10.events.data.microsoft.com,104.208.16.90,90,
wss-primary.slack.com,3.220.159.105,90,
missing,15.73.182.63,90,
array801.prod.do.dsp.mp.microsoft.com,40.91.80.89,89,
disc801.prod.do.dsp.mp.microsoft.com,23.208.63.193,89,
gateway.icloud.com,17.248.188.103,89,
gateway.icloud.com,17.248.188.133,89,
graph.facebook.com,157.240.221.18,89,
metrics-a.wbx2.com,170.72.231.0,89,
mrodevicemgr.officeapps.live.com,52.109.12.232,89,
nexusrules.officeapps.live.com,52.109.8.44,89,
outlook.office365.com,40.97.188.242,89,
slscr.update.microsoft.com,40.125.122.176,89,
sync.wavevms.com,44.193.61.149,89,
unitedstates.smartscreen-prod.microsoft.com,20.98.16.82,89,
us-v20.events.data.microsoft.com,52.168.117.170,89,
v10.events.data.microsoft.com,20.42.73.26,89,
www.googleapis.com,142.250.81.234,89,
www.motorolasolutions.com,54.230.163.84,89,
missing,35.190.56.82,89,
missing,91.206.1.251,89,
api.audacy.com,151.101.2.132,88,
app.taleamusic.com,52.205.226.10,88,
ccp-lh.googleusercontent.com,142.250.72.193,88,
csync.loopme.me,35.214.223.115,88,
exo.nel.measure.office.net,23.197.193.210,88,
login.microsoftonline.com,40.126.28.22,88,
outlook.office365.com,52.96.111.2,88,
self.events.data.microsoft.com,104.208.16.88,88,
sync.wavevms.com,3.231.91.178,88,
v10.events.data.microsoft.com,20.189.173.15,88,
missing,204.152.253.84,88,
1.f8d442e8eb8664ed5e00454ba16489c366792d2fd26c4d5bce01730167e569d40773018aba262f4a54550b5b163fe4f94e99f9ca680039672bece42b72ae6.5e9b0dcdbf11f8954508405245acc87a71f43682c3b1a09484cd1669833b772d15ed8e0575eaeb56511f434e1054c18b69543d04b1f6fcd9e289d4e8a88f3,162.119.230.211,87,
app.taleamusic.com,52.22.96.84,87,
checks-api.us.system-monitor.com,54.152.28.203,87,
collector.cylance.com,34.238.175.5,87,
dpjq77yaxqvnn.cloudfront.net,18.160.64.105,87,
edge.skype.com,13.107.3.128,87,
entint.hostedrmm.com,3.91.75.90,87,
gateway.icloud.com,17.248.174.10,87,
ips1.unifi-ai.com,35.244.131.207,87,
login-prod-us01.enfusionsystems.com,204.153.139.27,87,
miro.com,18.164.124.70,87,
ocsp2.apple.com,17.253.97.206,87,
odc.officeapps.live.com,52.109.8.22,87,
roaming.officeapps.live.com,52.109.16.111,87,
us-v20.events.data.microsoft.com,20.42.65.85,87,
us-v20.events.data.microsoft.com,20.189.173.14,87,
missing,13.107.138.8,87,
missing,131.239.17.35,87,
array612.prod.do.dsp.mp.microsoft.com,20.54.24.148,86,
balzac.fydnet.com,74.209.249.61,86,
fe3cr.delivery.mp.microsoft.com,13.85.23.206,86,
gateway.icloud.com,17.248.188.71,86,
k2device.kolide.com,54.237.133.81,86,
ngkfcs.sharepoint.com,13.107.136.8,86,
self.events.data.microsoft.com,52.168.117.170,86,
trouter2-uswc-1-a.trouter.teams.microsoft.com,52.113.207.6,86,
v10.events.data.microsoft.com,52.182.143.210,86,
www.motorolasolutions.com,54.230.163.40,86,
b4f3cf2a-b492-19a4-f5b8-432de046a8d1.f3730439-5054-40a4-aa87-e236efacea04,89.187.175.87,85,
bag.itunes.apple.com,96.16.108.28,85,
configuration.apple.com,23.55.204.23,85,
huntress.io,34.196.80.120,85,
jll2.sharepoint.com,52.104.43.41,85,
mtalk.google.com,172.253.122.188,85,
outlook.office365.com,52.96.32.2,85,
slack.com,54.92.199.186,85,
tps.doubleverify.com,34.117.228.201,85,
us-v20.events.data.microsoft.com,52.168.112.66,85,
www.googleapis.com,142.251.40.234,85,
missing,4.16.246.133,85,
missing,204.11.168.24,85,
array509.prod.do.dsp.mp.microsoft.com,52.184.217.56,84,
coffeecloud.scanomat.com,52.18.157.6,84,
courier.push.apple.com,17.57.144.54,84,
eu.api.endpoint.ingress.rapid7.com,3.120.221.108,84,
flightaware.com,139.144.53.20,84,
gsp64-ssl.ls.apple.com,17.57.12.113,84,
help.gostg.net,74.118.40.39,84,
imap.gmail.com,142.250.31.109,84,
outlook.office365.com,52.96.109.226,84,
px.moatads.com,23.219.201.124,84,
self.events.data.microsoft.com,52.182.143.208,84,
us-v20.events.data.microsoft.com,20.189.173.6,84,
us.api.endpoint.ingress.rapid7.com,34.236.161.191,84,
www.canva.com,104.16.226.10,84,
missing,13.107.6.171,84,
missing,40.70.229.150,84,
missing,108.179.58.176,84,
missing,173.243.143.6,84,
missing,192.229.210.142,84,
cloud9perception.hexnodemdm.com,3.82.104.59,83,
cmecore.cmegroup.com,205.209.196.37,83,
graph.microsoft.com,20.190.135.44,83,
imap.gmail.com,142.250.141.108,83,
mtalk.google.com,142.250.113.188,83,
onetag-sys.com,51.222.39.187,83,
ris.api.iris.microsoft.com,4.150.3.7,83,
roaming.officeapps.live.com,52.109.6.41,83,
self.events.data.microsoft.com,20.189.173.5,83,
skyoverride.webrootcloudav.com,54.246.198.11,83,
token.rubiconproject.com,69.173.151.100,83,
us4-wms3.zoho.com,136.143.191.197,83,
v10.events.data.microsoft.com,52.168.117.170,83,
wifiprotectcheck.mcafee.com,23.208.63.113,83,
www.googleapis.com,216.58.212.202,83,
missing,20.190.151.6,83,
missing,170.114.52.3,83,
mail.aol.com,69.147.92.12,82,
mmldata.ncaa.com,23.217.28.230,82,
outlook.office365.com,52.96.182.98,82,
revantage.com.c2.prod.zpath.net,18.191.81.197,82,
v10.events.data.microsoft.com,20.189.173.7,82,
vod62c350g.airspace-e.cbsivideo.com,152.199.6.81,82,
z.moatads.com,23.219.201.124,82,
missing,52.16.159.251,82,
missing,142.251.41.10,82,
missing,157.240.241.17,82,
missing,172.17.141.20,82,
app-measurement.com,142.250.80.46,81,
arc.msn.com,52.184.206.73,81,
f3730439-5054-40a4-aa87-e236efacea04,89.187.181.221,81,
kt-prod.ess.apple.com,17.145.0.2,81,
metrics-a.wbx2.com,170.72.231.161,81,
self.events.data.microsoft.com,104.46.162.226,81,
www.yelp.com,113.30.152.231,81,
missing,69.173.151.100,81,
missing,142.250.80.35,81,
missing,142.251.32.106,81,
missing,170.114.11.109,81,
missing,199.16.60.114,81,
api.amazonalexa.com,18.154.246.88,80,
assets.msn.com,23.194.131.194,80,
cdn.optimizely.com,23.52.165.24,80,
clientstream.launchdarkly.com,13.248.151.210,80,
fbs.smoot.apple.com,100.22.10.168,80,
huntress.io,54.144.77.10,80,
panos.wildfire.paloaltonetworks.com,35.222.124.72,80,
safebrowsing.googleapis.com,142.251.40.106,80,
self.events.data.microsoft.com,52.168.117.169,80,
st-v3-univ-srs-mac-3540-g3.api.splashtop.com,35.71.175.14,80,
unitedstates.smartscreen-prod.microsoft.com,13.87.188.105,80,
www.googleapis.com,142.250.191.42,80,
missing,23.201.25.134,80,
missing,142.250.65.170,80,
missing,142.250.80.74,80,
missing,210.173.216.59,80,
esp.aptrinsic.com,35.184.35.160,79,
magento-development-company-india.blogspot.com,45.154.228.72,79,
nexusrules.officeapps.live.com,52.109.13.62,79,
nexusrules.officeapps.live.com,52.109.13.63,79,
r4.res.office365.com,23.221.225.240,79,
self.events.data.microsoft.com,52.168.112.67,79,
slack.com,3.95.117.96,79,
winatp-gw-cus.microsoft.com,20.37.135.94,79,
wpdcm.itsupport247.net,198.22.253.143,79,
missing,34.199.198.214,79,
missing,52.184.214.53,79,
missing,65.52.5.117,79,
app.taleamusic.com,52.20.146.73,78,
assets.msn.com,23.194.131.136,78,
itunes.apple.com,23.43.252.68,78,
ntp.msn.com,204.79.197.203,78,
ocsp2.apple.com,17.253.97.201,78,
r4.res.office365.com,23.221.225.153,78,
us02log.zoom.us,170.114.52.3,78,
v10.events.data.microsoft.com,20.44.10.122,78,
v10.events.data.microsoft.com,20.189.173.2,78,
wss-primary.slack.com,35.82.187.142,78,
www.googleapis.com,142.251.32.42,78,
www.notion.so,104.18.7.183,78,
missing,63.35.24.126,78,
missing,172.31.246.28,78,
api-ucc.ringcentral.com,66.81.247.7,77,
array603.prod.do.dsp.mp.microsoft.com,51.104.162.50,77,
cloudbackup.management,104.16.106.6,77,
evsns33.idrive.com,173.255.7.209,77,
hiddenapp.com,172.66.42.240,77,
huntress.io,18.232.183.237,77,
huntress.io,107.22.93.127,77,
itegria.hostedrmm.com,3.137.152.87,77,
merlot-monitoring.centrastage.net,15.197.188.79,77,
notify.dropboxapi.com,162.125.20.1,77,
proxy-safebrowsing.googleapis.com,17.253.21.208,77,
pus5-collabhubrtc.officeapps.live.com,52.108.79.27,77,
self.events.data.microsoft.com,52.182.143.211,77,
statics.teams.cdn.office.net,52.113.194.132,77,
missing,3.140.173.20,77,
missing,13.107.6.158,77,
missing,20.190.154.136,77,
missing,142.251.40.138,77,
ad.doubleclick.net,142.251.40.102,76,
array812.prod.do.dsp.mp.microsoft.com,52.143.87.28,76,
b-graph.facebook.com,31.13.71.36,76,
certs.zimperium.com,99.86.229.9,76,
cloudbackup.management,104.16.107.6,76,
evsns19.idrive.com,173.255.7.236,76,
foodmarketingnow.com,107.152.223.210,76,
gateway.icloud.com,17.248.188.142,76,
imap.gmail.com,172.253.115.109,76,
login.microsoftonline.com,20.190.190.129,76,
lyra-a.wbx2.com,170.72.231.161,76,
mobile-collector.newrelic.com,162.247.243.24,76,
sdataprod.ncaa.com,23.217.28.230,76,
skyoverride.webrootcloudav.com,52.50.216.102,76,
tetra-defs.apjc.amp.cisco.com,192.111.6.101,76,
thecardswedrew.com,154.30.241.100,76,
trm-client01.wandcorp.com,52.41.199.5,76,
ums.geocomply.com,34.195.184.53,76,
v10.events.data.microsoft.com,20.42.72.131,76,
www.googleapis.com,142.250.180.10,76,
missing,17.242.214.7,76,
missing,89.187.185.91,76,
missing,142.250.65.202,76,
missing,192.30.109.92,76,
apresolve.spotify.com,34.98.74.57,75,
atlastechnica.hostedrmm.com,34.239.94.10,75,
bpb.opendns.com,146.112.195.91,75,
graph.microsoft.com,20.190.135.47,75,
login.microsoftonline.com,20.190.151.133,75,
lyra-a.wbx2.com,170.72.231.0,75,
na.preva.com,23.23.198.218,75,
osb-v2.samsungqbe.com,108.139.53.71,75,
v10.events.data.microsoft.com,13.69.116.104,75,
v5.radinetpro.com,104.209.240.47,75,
wss-primary.slack.com,54.188.200.251,75,
www.amazon.com,18.154.222.226,75,
www.figma.com,13.225.214.45,75,
www.googleapis.com,142.250.189.202,75,
www.gymtraining.net,216.173.111.232,75,
missing,13.87.188.105,75,
missing,20.81.51.95,75,
missing,142.250.72.106,75,
analytics-in-api.atmosphere.tv,216.239.38.21,74,
api.smartdeploy.com,40.118.206.66,74,
biz-17547.business.mosyle.io,20.55.67.223,74,
fastlane.rubiconproject.com,8.43.72.116,74,
gateway.icloud.com,17.248.188.169,74,
gue1-dealer.spotify.com,35.186.224.43,74,
login.microsoftonline.com,20.190.151.7,74,
notify.dropboxapi.com,162.125.21.3,74,
outlook.office365.com,40.99.181.130,74,
pinotage-monitoring.centrastage.net,99.83.237.20,74,
stocks-sparkline.apple.com,104.77.249.54,74,
upload.box.com,74.112.186.128,74,
us4-wms4.zoho.com,136.143.191.197,74,
use.typekit.net,23.55.235.83,74,
v10.events.data.microsoft.com,20.189.173.1,74,
www.googleapis.com,142.251.40.170,74,
missing,3.223.15.108,74,
missing,34.193.243.63,74,
missing,142.250.80.77,74,
array611.prod.do.dsp.mp.microsoft.com,20.54.24.79,73,
bidder.criteo.com,74.119.118.151,73,
catalog.gamepass.com,23.38.169.50,73,
dev-citrix.bhfs.com,128.177.107.176,73,
devices.enplug.com,172.67.38.53,73,
dpjq77yaxqvnn.cloudfront.net,18.160.64.180,73,
gateway.icloud.com,17.248.188.168,73,
gateway.icloud.com,17.250.102.45,73,
proxy-safebrowsing.googleapis.com,17.253.3.219,73,
rt.teramind.co,132.226.193.252,73,
www.dropbox.com,162.125.4.18,73,
missing,18.189.166.99,73,
missing,34.199.51.129,73,
missing,142.251.16.109,73,
missing,205.209.27.106,73,
agentserviceapi.guestconfiguration.azure.com,20.45.127.10,72,
api.joplincloud.com,18.222.188.20,72,
app.taleamusic.com,35.153.77.93,72,
caldav.calendar.yahoo.com,69.147.65.252,72,
gsp64-ssl.ls.apple.com,17.57.12.11,72,
imap.gmail.com,142.250.138.108,72,
mesu.apple.com,104.91.114.3,72,
play.googleapis.com,142.250.80.74,72,
remote.lcrlaw.com,63.234.62.44,72,
self.events.data.microsoft.com,104.208.16.90,72,
st2-v3-dc.splashtop.com,143.204.146.12,72,
tools.vmsproxy.com,44.199.43.145,72,
winatp-gw-cus3.microsoft.com,20.109.234.232,72,
www.googleapis.com,142.250.80.42,72,
missing,3.221.83.69,72,
missing,20.189.173.6,72,
missing,39.104.143.66,72,
missing,142.251.40.106,72,
b-54c7cb80.kinesisvideo.us-east-2.amazonaws.com,3.15.36.175,71,
buddi.bentley.com,13.68.104.252,71,
collector.cylance.com,34.195.160.95,71,
edge-mqtt.facebook.com,31.13.71.3,71,
exo.nel.measure.office.net,23.197.193.234,71,
necacmg.neca.org,20.69.215.68,71,
ocsp2.apple.com,17.253.97.202,71,
px.ads.linkedin.com,13.107.42.14,71,
rdp.duetdisplay.com,104.22.56.106,71,
st2-v3-dc.splashtop.com,143.204.146.124,71,
sync.wavevms.com,3.232.22.154,71,
us-v20.events.data.microsoft.com,20.189.173.5,71,
www.googleapis.com,172.217.169.74,71,
www.speedtest.net,104.16.209.12,71,
missing,20.42.73.26,71,
missing,104.18.14.191,71,
missing,142.251.167.108,71,
amp-api.media.apple.com,23.221.211.94,70,
app.mspbots.ai,192.34.22.62,70,
axiscapital.webex.com,64.68.105.105,70,
fbs.smoot.apple.com,44.235.78.64,70,
gateway.icloud.com,17.248.188.74,70,
gateway.icloud.com,17.248.188.144,70,
gsp64-ssl.ls.apple.com,17.36.206.7,70,
m.media-amazon.com,151.101.1.16,70,
mail.yahoo.com,69.147.92.11,70,
merlot-monitoring.centrastage.net,3.33.180.249,70,
ocsp2.apple.com,17.253.21.206,70,
parse-corp.s3.us-east-2.amazonaws.com,3.5.132.146,70,
sali.sonos.radio,18.164.124.67,70,
self.events.data.microsoft.com,13.89.179.9,70,
vecho.command.verkada.com,44.233.197.84,70,
missing,52.182.143.208,70,
missing,142.251.163.109,70,
missing,146.75.38.248,70,
agent-data.service.itsupport247.net,54.175.55.131,69,
apex.go.sonobi.com,69.166.1.15,69,
array616.prod.do.dsp.mp.microsoft.com,20.54.25.4,69,
fe3cr.delivery.mp.microsoft.com,40.77.2.164,69,
mobile.events.data.microsoft.com,20.42.65.90,69,
ngkfcs.sharepoint.com,13.107.138.8,69,
officecdn-microsoft-com.akamaized.net,23.220.102.34,69,
slack.com,34.231.24.224,69,
st2-v3-dc.splashtop.com,143.204.146.3,69,
unitedstates.smartscreen-prod.microsoft.com,13.66.94.55,69,
www.myworkday.com,209.177.165.18,69,
missing,20.44.10.122,69,
missing,20.189.173.11,69,
missing,129.146.237.133,69,
agfreights-my.sharepoint.com,13.107.136.8,68,
array607.prod.do.dsp.mp.microsoft.com,51.104.167.186,68,
array608.prod.do.dsp.mp.microsoft.com,51.104.167.245,68,
caldav.calendar.yahoo.com,69.147.65.251,68,
evolveskatestore.com,2.56.174.254,68,
gateway.icloud.com,17.248.174.6,68,
gsp64-ssl.ls.apple.com,17.57.12.145,68,
gsp64-ssl.ls.apple.com,17.57.172.4,68,
licensing.mp.microsoft.com,52.137.108.250,68,
login.microsoftonline.com,40.126.26.135,68,
nexusrules.officeapps.live.com,52.109.13.64,68,
s0.2mdn.net,142.251.40.102,68,
self.events.data.microsoft.com,20.189.173.14,68,
telemetry.tradingview.com,92.38.169.57,68,
tsfe.trafficshaping.dsp.mp.microsoft.com,40.65.209.51,68,
webql-redesign.cnbcfm.com,184.29.166.141,68,
www.googleapis.com,142.251.214.138,68,
missing,20.189.173.5,68,
missing,69.31.89.132,68,
ads.pubmatic.com,23.219.200.189,67,
api.dropboxapi.com,162.125.7.19,67,
app.taleamusic.com,54.166.95.122,67,
array604.prod.do.dsp.mp.microsoft.com,51.104.162.168,67,
beacons.gvt2.com,142.251.40.227,67,
client.wns.windows.com,40.83.240.146,67,
clients1.google.com,172.217.165.142,67,
gateway.icloud.com,17.248.188.75,67,
gspe35-ssl.ls.apple.com,23.63.229.225,67,
login.microsoftonline.com,40.126.29.9,67,
mtalk.google.com,172.253.63.188,67,
parse-corp.s3.us-east-2.amazonaws.com,52.219.102.130,67,
proximity-a.wbx2.com,170.72.231.161,67,
teams.nel.measure.office.net,23.197.193.234,67,
trm-client01.wandcorp.com,54.191.224.5,67,
us-v20.events.data.microsoft.com,20.189.173.1,67,
www.googleapis.com,142.250.179.234,67,
missing,3.15.36.174,67,
missing,3.218.82.178,67,
missing,158.115.133.217,67,
missing,168.62.165.131,67,
agent-data.service.itsupport247.net,3.215.49.19,66,
api-global.squareup.com,162.159.137.66,66,
array813.prod.do.dsp.mp.microsoft.com,52.148.148.114,66,
assets.msn.com,23.194.131.176,66,
carvir-msp02.sentinelone.net,3.233.174.120,66,
centralus-gas.guestconfiguration.azure.com,20.44.13.240,66,
courier.push.apple.com,17.57.144.55,66,
fbs.smoot.apple.com,44.232.224.125,66,
gateway.icloud.com,17.248.175.139,66,
helpx.adobe.com,23.38.169.27,66,
hubspot-realtime.ably.io,18.161.167.150,66,
imap.gmail.com,172.253.63.109,66,
login.microsoftonline.com,20.190.151.132,66,
parse-corp.s3.us-east-2.amazonaws.com,3.5.130.135,66,
parse-corp.s3.us-east-2.amazonaws.com,3.5.133.14,66,
service.dten.com,3.33.183.42,66,
v10.events.data.microsoft.com,51.104.15.253,66,
www.googleapis.com,142.250.176.202,66,
missing,13.66.94.55,66,
missing,13.73.252.138,66,
missing,20.98.16.82,66,
missing,142.250.80.46,66,
missing,157.240.241.35,66,
missing,160.43.250.9,66,
amg00346-vizioservicesll-oando2-vizious-ztssf.amagi.tv,54.230.21.68,65,
array809.prod.do.dsp.mp.microsoft.com,40.91.73.169,65,
avery-us-west-2-svc.logicnow.us,52.42.117.223,65,
cache.marriott.com,23.221.211.59,65,
citrix.bhfs.com,128.177.107.183,65,
connect.facebook.net,157.240.241.1,65,
dash.backupops.com,52.42.218.26,65,
devicemgmt.teams.microsoft.com,52.112.124.1,65,
devices.enplug.com,104.22.11.123,65,
edgeapi.slack.com,3.226.3.84,65,
gateway.icloud.com,17.248.188.106,65,
gateway.icloud.com,17.250.102.77,65,
gdmf.apple.com,17.188.23.25,65,
gsa.apple.com,17.32.194.34,65,
gspe21-ssl.ls.apple.com,23.34.164.240,65,
imap.gmail.com,172.253.62.108,65,
login5.spotify.com,35.186.224.25,65,
mail.aol.com,69.147.92.11,65,
parse-corp.s3.us-east-2.amazonaws.com,52.219.101.194,65,
parse-corp.s3.us-east-2.amazonaws.com,52.219.177.122,65,
rockco.sharepoint.com,13.107.136.8,65,
self.events.data.microsoft.com,20.42.65.89,65,
slscr.update.microsoft.com,13.85.23.86,65,
teams.nel.measure.office.net,23.197.193.210,65,
us-v20.events.data.microsoft.com,20.42.65.88,65,
watson.events.data.microsoft.com,20.189.173.20,65,
missing,20.25.241.18,65,
missing,52.40.78.72,65,
missing,146.112.255.155,65,
missing,152.199.24.214,65,
agentserviceapi.guestconfiguration.azure.com,20.45.127.12,64,
calendar.google.com,142.251.15.138,64,
centralus-gas.guestconfiguration.azure.com,20.44.13.241,64,
gateway.icloud.com,17.248.188.76,64,
gateway.icloud.com,17.250.102.40,64,
login.microsoftonline.com,20.190.151.68,64,
login.microsoftonline.com,40.126.29.11,64,
mail.yahoo.com,69.147.92.12,64,
maxcdn.bootstrapcdn.com,104.18.11.207,64,
parse-corp.s3.us-east-2.amazonaws.com,3.5.131.121,64,
presence.paymentfusion.com,52.41.110.168,64,
self.events.data.microsoft.com,13.69.109.131,64,
self.events.data.microsoft.com,20.42.65.84,64,
self.events.data.microsoft.com,20.42.65.85,64,
swscan.apple.com,23.34.164.208,64,
updates.paloaltonetworks.com,34.96.84.34,64,
v10.events.data.microsoft.com,52.182.143.211,64,
www.adnews.com.au,104.238.20.21,64,
www.googleapis.com,142.251.40.202,64,
missing,3.5.132.117,64,
missing,3.15.36.173,64,
missing,52.153.255.201,64,
missing,142.251.40.98,64,
missing,172.31.253.20,64,
missing,208.67.222.222,64,
assets.msn.com,23.194.131.170,63,
bat.bing.com,204.79.197.200,63,
bh.contextweb.com,198.148.27.140,63,
c.apple.news,23.40.28.160,63,
catalog.gamepass.com,23.54.161.89,63,
cdn.viacomcbs-poc.top.comcast.net,69.241.70.238,63,
chat.google.com,172.217.164.110,63,
clients3.google.com,172.217.165.142,63,
cp501.prod.do.dsp.mp.microsoft.com,23.208.46.45,63,
esign.com,134.73.18.95,63,
fonts.gstatic.com,142.250.81.227,63,
imap.gmail.com,172.253.62.109,63,
login.microsoftonline.com,40.126.29.15,63,
nexusrules.officeapps.live.com,52.109.77.1,63,
play.googleapis.com,142.250.65.170,63,
us-v20.events.data.microsoft.com,52.182.143.208,63,
v10.events.data.microsoft.com,52.168.117.169,63,
webql-redesign.cnbcfm.com,23.14.153.11,63,
www.facebook.com,157.240.241.35,63,
www.notion.so,104.18.6.183,63,
www.youtube.com,142.251.41.14,63,
agent-data.service.itsupport247.net,54.90.51.112,62,
array614.prod.do.dsp.mp.microsoft.com,20.54.24.231,62,
branding.norton.com,23.40.21.247,62,
c.bing.com,204.79.197.200,62,
commhub.parkingforge.com,34.76.137.116,62,
dpmawp.itsupport247.net,198.22.253.58,62,
edgeapi.slack.com,54.224.85.111,62,
fvtbiz.com,161.123.151.144,62,
gateway.icloud.com,17.248.188.170,62,
images.vizio.com,65.8.158.19,62,
lhi.egnyte.com,34.111.54.117,62,
ocsp2.apple.com,17.253.21.205,62,
polka.typekit.com,107.20.137.119,62,
proxy-safebrowsing.googleapis.com,17.253.21.207,62,
sali.sonos.radio,18.164.124.34,62,
self.events.data.microsoft.com,20.42.65.88,62,
slack.com,34.193.255.5,62,
slack.com,34.203.97.10,62,
us-api.asm.skype.com,52.114.142.199,62,
us-prod.asyncgw.teams.microsoft.com,52.114.142.198,62,
us-v20.events.data.microsoft.com,20.44.10.122,62,
v10.events.data.microsoft.com,13.89.178.26,62,
v10.events.data.microsoft.com,20.42.73.24,62,
v10.events.data.microsoft.com,52.182.143.208,62,
missing,13.69.106.3,62,
missing,34.120.142.74,62,
missing,52.96.33.82,62,
missing,52.168.117.170,62,
missing,52.200.150.164,62,
amg00346-vizioservicesll-oando2-vizious-ztssf.amagi.tv,54.230.21.39,61,
array610.prod.do.dsp.mp.microsoft.com,20.54.24.69,61,
diperna.egnyte.com,35.190.66.71,61,
edgeapi.slack.com,35.170.134.110,61,
edgeapi.slack.com,54.146.164.191,61,
imap.mail.yahoo.com,76.13.33.33,61,
incoming.telemetry.mozilla.org,34.120.208.123,61,
kt-prod.ess.apple.com,17.138.175.254,61,
notify.adobe.io,54.224.241.105,61,
outlook.office365.com,52.96.3.178,61,
self.events.data.microsoft.com,51.104.15.252,61,
us-v20.events.data.microsoft.com,52.168.112.67,61,
winatp-gw-cus3.microsoft.com,20.37.143.120,61,
www.eatkey.com,72.34.244.10,61,
www.googleapis.com,142.250.187.234,61,
missing,3.120.221.108,61,
missing,20.189.173.7,61,
missing,50.16.47.176,61,
missing,52.159.126.152,61,
missing,52.168.117.169,61,
missing,141.193.213.20,61,
missing,142.251.40.202,61,
arc.sea.live,23.222.241.46,60,
b4f3cf2a-b492-19a4-f5b8-432de046a8d1.f3730439-5054-40a4-aa87-e236efacea04,89.187.181.221,60,
cannonball-us-west-2-push.logicnow.us,50.112.137.234,60,
cloud.dell.com,143.166.199.30,60,
connect-notificationservice.bentley.com,40.71.11.136,60,
hw.kastle.com,20.253.17.146,60,
i.ytimg.com,172.217.165.150,60,
insight.adsrvr.org,52.223.40.198,60,
mail-ads.google.com,142.251.45.37,60,
mobile.events.data.microsoft.com,52.168.117.169,60,
ocsp2.apple.com,17.253.21.201,60,
play.googleapis.com,142.250.189.170,60,
presence.fuze.com,18.235.98.212,60,
proxy-safebrowsing.googleapis.com,17.253.3.215,60,
pulse-streaming-service-lnvsy2kbia-uc.a.run.app,216.239.32.53,60,
pulse-streaming-service-lnvsy2kbia-uc.a.run.app,216.239.36.53,60,
renmac.datazoic.com,40.117.37.139,60,
self.events.data.microsoft.com,13.89.179.10,60,
self.events.data.microsoft.com,20.42.72.131,60,
slack.com,54.163.235.119,60,
ssp-sync.criteo.com,74.119.118.73,60,
teams.events.data.microsoft.com,20.42.72.131,60,
v10.events.data.microsoft.com,52.168.112.66,60,
weather-data.apple.com,23.37.123.202,60,
web.whatsapp.com,157.240.22.53,60,
missing,20.42.73.25,60,
missing,20.189.173.3,60,
missing,23.63.229.80,60,
missing,45.54.49.1,60,
missing,52.219.111.26,60,
missing,172.217.16.234,60,
missing,192.34.104.129,60,
apidata.googleusercontent.com,142.251.35.193,59,
array606.prod.do.dsp.mp.microsoft.com,51.104.167.48,59,
audio-fa.scdn.co,146.75.38.248,59,
d27xxe7juh1us6.cloudfront.net,65.8.165.155,59,
exos.filewave.net,54.160.91.97,59,
gateway.icloud.com,17.250.102.73,59,
generate204.cloud.barco.com,52.210.3.167,59,
gsas.apple.com,17.188.23.79,59,
gue1-spclient.spotify.com,35.186.224.16,59,
hubspot-realtime.ably.io,108.138.110.150,59,
ocsp2.apple.com,17.253.21.202,59,
ocsp2.apple.com,17.253.21.203,59,
pentavia.egnyte.com,34.111.130.169,59,
serverlist.urlcloud.paloaltonetworks.com,35.244.200.72,59,
sn.webrootcloudav.com,34.210.2.177,59,
solutionsgranted.infocyte.com,3.229.46.33,59,
swdist.apple.com,23.34.164.208,59,
sync-elmcorecloud.egnyte.com,34.111.83.195,59,
syncbak-mediastore-edgecast.cbsaavideo.com,152.195.12.27,59,
teams.events.data.microsoft.com,20.42.73.26,59,
ups.analytics.yahoo.com,54.175.87.114,59,
v10.events.data.microsoft.com,13.89.179.10,59,
watson.events.data.microsoft.com,20.42.65.92,59,
webpost.itsupport247.net,198.22.253.56,59,
missing,3.132.4.30,59,
missing,3.219.243.226,59,
missing,20.189.173.2,59,
missing,20.189.173.10,59,
missing,69.147.92.12,59,
missing,142.251.35.170,59,
missing,142.251.40.110,59,
missing,172.64.144.56,59,
atl.repl.sma,68.65.208.126,58,
catalog.gamepass.com,23.38.169.16,58,
data.emb-api.com,44.224.132.205,58,
idsync.rlcdn.com,35.190.60.146,58,
intake.apjc.amp.cisco.com,52.198.226.104,58,
keybridgeit.hostedrmm.com,3.120.39.246,58,
login.microsoftonline.com,40.126.29.8,58,
login.microsoftonline.com,40.126.29.14,58,
mobile.events.data.microsoft.com,20.189.173.6,58,
play.googleapis.com,142.250.65.234,58,
play.googleapis.com,142.251.32.106,58,
proxy-safebrowsing.googleapis.com,17.253.3.218,58,
self.events.data.microsoft.com,20.42.73.26,58,
ssl.gstatic.com,172.217.12.99,58,
v10.events.data.microsoft.com,20.189.173.12,58,
west.exch092.serverdata.net,199.193.207.162,58,
www.google.com,142.250.138.103,58,
missing,13.107.42.16,58,
missing,20.189.173.15,58,
missing,52.182.141.63,58,
agent-data.service.itsupport247.net,35.168.218.199,57,
ap.lijit.com,69.175.41.32,57,
api.fastmarkets.com,45.60.11.165,57,
clients3.google.com,142.251.214.142,57,
data-edge.smartscreen.microsoft.com,52.153.255.201,57,
devicelistenerprod.microsoft.com,20.22.136.96,57,
eb2.3lift.com,35.71.139.29,57,
ecn-us.dev.virtualearth.net,23.208.47.20,57,
gateway.icloud.com,17.248.174.16,57,
ib.adnxs.com,68.67.160.114,57,
mobile.events.data.microsoft.com,20.189.173.9,57,
play.googleapis.com,142.250.189.202,57,
play.itunes.apple.com,23.197.193.49,57,
self.events.data.microsoft.com,20.42.65.90,57,
self.events.data.microsoft.com,20.189.173.12,57,
us-v20.events.data.microsoft.com,20.42.73.26,57,
us-v20.events.data.microsoft.com,20.189.173.7,57,
usw.byoip.nt.meraki.com,158.115.133.143,57,
v10.events.data.microsoft.com,20.189.173.3,57,
v10.events.data.microsoft.com,20.189.173.4,57,
www.aol.com,76.13.32.141,57,
www.googleapis.com,142.250.64.106,57,
www.maskblogspot.com,64.137.92.184,57,
www.pandora.com,208.85.41.59,57,
missing,17.248.175.200,57,
